_id,tracking_number,carrier,scans[0].timestamp,scans[0].scan,scans[1].timestamp,scans[1].scan,scans[2].timestamp,scans[2].scan,scans[3].timestamp,scans[3].scan,scans[4].timestamp,scans[4].scan,scans[5].timestamp,scans[5].scan,scans[6].timestamp,scans[6].scan,scans[7].timestamp,scans[7].scan,scans[8].timestamp,scans[8].scan,scans[9].timestamp,scans[9].scan,scans[10].timestamp,scans[10].scan,scans[11].timestamp,scans[11].scan,scans[12].timestamp,scans[12].scan,scans[13].timestamp,scans[13].scan,scans[14].timestamp,scans[14].scan,scans[15].timestamp,scans[15].scan,scans[16].timestamp,scans[16].scan,scans[17].timestamp,scans[17].scan,scans[18].timestamp,scans[18].scan,scans[19].timestamp,scans[19].scan,scans[20].timestamp,scans[20].scan,scans[21].timestamp,scans[21].scan,scans[22].timestamp,scans[22].scan,scans[23].timestamp,scans[23].scan,scans[24].timestamp,scans[24].scan,scans[25].timestamp,scans[25].scan,scans[26].timestamp,scans[26].scan,scans[27].timestamp,scans[27].scan,scans[28].timestamp,scans[28].scan,scans[29].timestamp,scans[29].scan,scans[30].timestamp,scans[30].scan,scans[31].timestamp,scans[31].scan,scans[32].timestamp,scans[32].scan,scans[33].timestamp,scans[33].scan,scans[34].timestamp,scans[34].scan,scans[35].timestamp,scans[35].scan,scans[36].timestamp,scans[36].scan,scans[37].timestamp,scans[37].scan,scans[38].timestamp,scans[38].scan,scans[39].timestamp,scans[39].scan,scans[40].timestamp,scans[40].scan,scans[41].timestamp,scans[41].scan,scans[42].timestamp,scans[42].scan,scans[43].timestamp,scans[43].scan
67d7c106380fe7c64399c6b5,3700558529,5d0e294f-b483-4ba8-bd53-7f058427f35a,2025-01-03T16:42:00,transit delay,,,,,,,,,,,,,,,,,,,,,,,,,,,,,,,,,,,,,,,,,,,,,,,,,,,,,,,,,,,,,,,,,,,,,,,,,,,,,,,,,,,,,,
67d7c106380fe7c64399c6b8,0fb2f753-6b1d-447f-a46e-fc7a5ea61d47-90185,5d0e294f-b483-4ba8-bd53-7f058427f35a,2025-01-03T16:42:00,transit delay,,,,,,,,,,,,,,,,,,,,,,,,,,,,,,,,,,,,,,,,,,,,,,,,,,,,,,,,,,,,,,,,,,,,,,,,,,,,,,,,,,,,,,
67d7c106380fe7c64399e7b5,TI6962112,66bdc51d-a6ec-4c82-8b6d-ae07fb619028,2025-01-07T10:39:00,transit delay,,,,,,,,,,,,,,,,,,,,,,,,,,,,,,,,,,,,,,,,,,,,,,,,,,,,,,,,,,,,,,,,,,,,,,,,,,,,,,,,,,,,,,
67d7c109380fe7c6439d54c5,H00FRA0002135723,6e28e500-05f1-4745-9878-e4952ac9afeb,2024-12-09T14:12:24,shipment manifested,2024-12-09T16:28:57,shipment dropped off awaiting carrier collection,2024-12-09T17:38:17,shipment collected,2024-12-09T19:43:33,warehouse scan,2024-12-10T05:33:28,warehouse scan,2024-12-10T05:34:28,warehouse scan,2024-12-11T08:14:17,package too large for delivery,2024-12-11T08:14:20,warehouse scan,2024-12-11T11:05:01,warehouse scan,2024-12-11T12:43:43,transit delay,,,,,,,,,,,,,,,,,,,,,,,,,,,,,,,,,,,,,,,,,,,,,,,,,,,,,,,,,,,,,,,,,,,,
67d7c109380fe7c6439d5d3b,aefa0ee8-1a7b-4394-918d-5d58bcadcba6-70818,5d0e294f-b483-4ba8-bd53-7f058427f35a,2024-09-25T11:04:00,shipment manifested,2024-09-26T12:05:00,shipment collected,2024-09-26T15:12:00,in transit,2024-09-26T23:05:00,warehouse scan,2024-09-27T02:49:00,warehouse scan,2024-09-27T06:14:00,in transit,2024-09-27T08:58:00,arrival at delivery depot,2024-09-28T11:53:00,in transit,2024-09-28T15:14:00,in transit,2024-10-03T14:36:00,transit delay,,,,,,,,,,,,,,,,,,,,,,,,,,,,,,,,,,,,,,,,,,,,,,,,,,,,,,,,,,,,,,,,,,,,
67d7c109380fe7c6439d5d3e,1403278046,5d0e294f-b483-4ba8-bd53-7f058427f35a,2024-09-25T11:04:00,shipment manifested,2024-09-26T12:05:00,shipment collected,2024-09-26T15:12:00,in transit,2024-09-26T23:05:00,warehouse scan,2024-09-27T02:49:00,warehouse scan,2024-09-27T06:14:00,in transit,2024-09-27T08:58:00,arrival at delivery depot,2024-09-28T11:53:00,in transit,2024-09-28T15:14:00,in transit,2024-10-03T14:36:00,transit delay,,,,,,,,,,,,,,,,,,,,,,,,,,,,,,,,,,,,,,,,,,,,,,,,,,,,,,,,,,,,,,,,,,,,
67d7c109380fe7c6439d6f7e,H00FFA0003193431,6e28e500-05f1-4745-9878-e4952ac9afeb,2025-01-03T20:16:50,shipment manifested,2025-01-04T10:07:31,shipment dropped off awaiting carrier collection,2025-01-06T18:28:45,warehouse scan,2025-01-07T08:42:51,warehouse scan,2025-01-07T19:21:06,warehouse scan,2025-01-08T11:43:19,out for delivery,2025-01-08T11:47:25,warehouse scan,2025-01-08T12:06:06,incomplete or incorrect delivery address. additional information or directions needed for delivery.,2025-01-08T14:46:54,incomplete or incorrect delivery address. additional information or directions needed for delivery.,2025-01-08T15:06:03,transit delay,,,,,,,,,,,,,,,,,,,,,,,,,,,,,,,,,,,,,,,,,,,,,,,,,,,,,,,,,,,,,,,,,,,,
67d7c109380fe7c6439d87d5,3923904554,5d0e294f-b483-4ba8-bd53-7f058427f35a,2025-01-13T11:24:00,shipment manifested,2025-01-13T11:27:00,released by customs. clearance complete.,2025-01-14T15:37:00,shipment collected,2025-01-14T18:07:00,warehouse scan,2025-01-14T23:07:00,warehouse scan,2025-01-14T23:08:00,in transit,2025-01-15T00:38:00,export scan,2025-01-15T05:36:00,held awaiting tax payment by the receiver,2025-01-15T12:18:00,customs clearance in progress,2025-01-15T12:18:00,tax payment received,2025-01-16T08:33:00,transit delay,,,,,,,,,,,,,,,,,,,,,,,,,,,,,,,,,,,,,,,,,,,,,,,,,,,,,,,,,,,,,,,,,,
67d7c109380fe7c6439d87e6,cc9a5be0-4b75-4bfc-8dcf-8dbce6ea9258-89620,5d0e294f-b483-4ba8-bd53-7f058427f35a,2025-01-13T11:24:00,shipment manifested,2025-01-13T11:27:00,released by customs. clearance complete.,2025-01-14T15:37:00,shipment collected,2025-01-14T18:07:00,warehouse scan,2025-01-14T23:07:00,warehouse scan,2025-01-14T23:08:00,in transit,2025-01-15T00:38:00,export scan,2025-01-15T05:36:00,held awaiting tax payment by the receiver,2025-01-15T12:18:00,customs clearance in progress,2025-01-15T12:18:00,tax payment received,2025-01-16T08:33:00,transit delay,,,,,,,,,,,,,,,,,,,,,,,,,,,,,,,,,,,,,,,,,,,,,,,,,,,,,,,,,,,,,,,,,,
67d7c109380fe7c6439d8c66,H00FRA0002196404,6e28e500-05f1-4745-9878-e4952ac9afeb,2025-01-13T15:43:18,shipment manifested,2025-01-13T17:36:49,shipment dropped off awaiting carrier collection,2025-01-14T15:48:55,shipment collected,2025-01-14T21:48:20,warehouse scan,2025-01-15T06:41:36,warehouse scan,2025-01-15T14:30:25,warehouse scan,2025-01-16T08:14:54,out for delivery,2025-01-16T09:18:52,incomplete or incorrect delivery address. additional information or directions needed for delivery.,2025-01-16T10:15:40,warehouse scan,2025-01-16T16:38:08,incomplete or incorrect delivery address. additional information or directions needed for delivery.,2025-01-16T16:51:39,transit delay,,,,,,,,,,,,,,,,,,,,,,,,,,,,,,,,,,,,,,,,,,,,,,,,,,,,,,,,,,,,,,,,,,
67d7c109380fe7c6439d911e,ccd2f3a0-287d-48ff-b2ef-85c5e45b7f94-63444,5d0e294f-b483-4ba8-bd53-7f058427f35a,2024-12-12T10:58:00,shipment manifested,2024-12-16T12:29:00,shipment collected,2024-12-16T15:59:00,in transit,2024-12-16T21:25:00,warehouse scan,2024-12-16T23:58:00,warehouse scan,2024-12-17T05:52:00,in transit,2024-12-17T12:36:00,arrival scan,2024-12-18T11:23:00,arrival at delivery depot,2024-12-18T11:27:00,in transit,2024-12-19T10:00:00,additional information required for customs clearance,2024-12-20T09:40:00,transit delay,,,,,,,,,,,,,,,,,,,,,,,,,,,,,,,,,,,,,,,,,,,,,,,,,,,,,,,,,,,,,,,,,,
67d7c109380fe7c6439d9120,3036702596,5d0e294f-b483-4ba8-bd53-7f058427f35a,2024-12-12T10:58:00,shipment manifested,2024-12-16T12:29:00,shipment collected,2024-12-16T15:59:00,in transit,2024-12-16T21:25:00,warehouse scan,2024-12-16T23:58:00,warehouse scan,2024-12-17T05:52:00,in transit,2024-12-17T12:36:00,arrival scan,2024-12-18T11:23:00,arrival at delivery depot,2024-12-18T11:27:00,in transit,2024-12-19T10:00:00,additional information required for customs clearance,2024-12-20T09:40:00,transit delay,,,,,,,,,,,,,,,,,,,,,,,,,,,,,,,,,,,,,,,,,,,,,,,,,,,,,,,,,,,,,,,,,,
67d7c109380fe7c6439d9253,3037410028,5d0e294f-b483-4ba8-bd53-7f058427f35a,2024-12-14T08:08:00,shipment manifested,2024-12-16T14:08:00,shipment collected,2024-12-16T15:02:00,in transit,2024-12-16T20:18:00,warehouse scan,2024-12-16T22:00:00,warehouse scan,2024-12-17T05:52:00,in transit,2024-12-17T13:33:00,arrival scan,2024-12-18T11:24:00,arrival at delivery depot,2024-12-18T11:27:00,in transit,2024-12-19T10:00:00,additional information required for customs clearance,2024-12-20T09:40:00,transit delay,,,,,,,,,,,,,,,,,,,,,,,,,,,,,,,,,,,,,,,,,,,,,,,,,,,,,,,,,,,,,,,,,,
67d7c109380fe7c6439d9255,1Z7E524X0490298889,0bb863db-1a5d-4688-8212-a842ab236726,2025-01-01T12:55:47,shipment manifested,2025-01-02T10:30:30,shipment collected,2025-01-02T17:53:06,in transit,2025-01-02T19:09:00,in transit,2025-01-02T21:16:00,in transit,2025-01-02T21:52:29,export scan,2025-01-03T04:08:00,in transit,2025-01-03T11:36:00,in transit,2025-01-05T23:49:00,in transit,2025-01-06T11:00:00,carrier error delayed delivery,2025-01-06T11:00:00,transit delay,,,,,,,,,,,,,,,,,,,,,,,,,,,,,,,,,,,,,,,,,,,,,,,,,,,,,,,,,,,,,,,,,,
67d7c109380fe7c6439d9263,1e255d8a-136b-46b1-bdb8-f87436a1beed-32107,5d0e294f-b483-4ba8-bd53-7f058427f35a,2024-12-14T08:08:00,shipment manifested,2024-12-16T14:08:00,shipment collected,2024-12-16T15:02:00,in transit,2024-12-16T20:18:00,warehouse scan,2024-12-16T22:00:00,warehouse scan,2024-12-17T05:52:00,in transit,2024-12-17T13:33:00,arrival scan,2024-12-18T11:24:00,arrival at delivery depot,2024-12-18T11:27:00,in transit,2024-12-19T10:00:00,additional information required for customs clearance,2024-12-20T09:40:00,transit delay,,,,,,,,,,,,,,,,,,,,,,,,,,,,,,,,,,,,,,,,,,,,,,,,,,,,,,,,,,,,,,,,,,
67d7c109380fe7c6439d9300,3037583182,5d0e294f-b483-4ba8-bd53-7f058427f35a,2024-12-15T17:24:00,shipment manifested,2024-12-16T10:15:00,shipment collected,2024-12-16T13:14:00,in transit,2024-12-16T21:02:00,warehouse scan,2024-12-17T02:21:00,warehouse scan,2024-12-17T05:52:00,in transit,2024-12-17T12:27:00,arrival scan,2024-12-18T11:24:00,arrival at delivery depot,2024-12-18T11:27:00,in transit,2024-12-19T10:00:00,additional information required for customs clearance,2024-12-20T09:40:00,transit delay,,,,,,,,,,,,,,,,,,,,,,,,,,,,,,,,,,,,,,,,,,,,,,,,,,,,,,,,,,,,,,,,,,
67d7c109380fe7c6439d9328,57154e85-4957-4d2a-ada4-d8cbf9c0ea14-18845,5d0e294f-b483-4ba8-bd53-7f058427f35a,2024-12-15T17:24:00,shipment manifested,2024-12-16T10:15:00,shipment collected,2024-12-16T13:14:00,in transit,2024-12-16T21:02:00,warehouse scan,2024-12-17T02:21:00,warehouse scan,2024-12-17T05:52:00,in transit,2024-12-17T12:27:00,arrival scan,2024-12-18T11:24:00,arrival at delivery depot,2024-12-18T11:27:00,in transit,2024-12-19T10:00:00,additional information required for customs clearance,2024-12-20T09:40:00,transit delay,,,,,,,,,,,,,,,,,,,,,,,,,,,,,,,,,,,,,,,,,,,,,,,,,,,,,,,,,,,,,,,,,,
67d7c10a380fe7c6439db42d,3891731395,5d0e294f-b483-4ba8-bd53-7f058427f35a,2025-01-24T09:48:00,out for delivery,2025-01-24T13:05:00,delivery failed,2025-01-24T20:15:00,in transit,2025-01-24T20:15:00,in transit,2025-01-25T02:44:00,in transit,2025-01-25T02:44:00,in transit,2025-01-25T04:30:00,in transit,2025-01-25T04:31:00,in transit,2025-01-25T04:31:00,in transit,2025-01-25T09:04:00,out for delivery,2025-01-25T09:04:00,out for delivery,2025-01-25T10:58:00,transit delay,,,,,,,,,,,,,,,,,,,,,,,,,,,,,,,,,,,,,,,,,,,,,,,,,,,,,,,,,,,,,,,,
67d7c10a380fe7c6439db42e,95fc4d0f-8072-4928-be1d-30c72cacca94-94359,5d0e294f-b483-4ba8-bd53-7f058427f35a,2025-01-24T09:48:00,out for delivery,2025-01-24T13:05:00,delivery failed,2025-01-24T20:15:00,in transit,2025-01-24T20:15:00,in transit,2025-01-25T02:44:00,in transit,2025-01-25T02:44:00,in transit,2025-01-25T04:30:00,in transit,2025-01-25T04:31:00,in transit,2025-01-25T04:31:00,in transit,2025-01-25T09:04:00,out for delivery,2025-01-25T09:04:00,out for delivery,2025-01-25T10:58:00,transit delay,,,,,,,,,,,,,,,,,,,,,,,,,,,,,,,,,,,,,,,,,,,,,,,,,,,,,,,,,,,,,,,,
67d7c10a380fe7c6439dbc0b,3739919486,5d0e294f-b483-4ba8-bd53-7f058427f35a,2025-01-06T13:46:00,shipment manifested,2025-01-06T13:50:00,released by customs. clearance complete.,2025-01-07T12:31:00,shipment collected,2025-01-07T17:24:00,in transit,2025-01-07T22:55:00,warehouse scan,2025-01-08T00:15:00,warehouse scan,2025-01-08T00:17:00,in transit,2025-01-08T03:34:00,export scan,2025-01-08T05:51:00,held awaiting tax payment by the receiver,2025-01-08T08:11:00,tax payment received,2025-01-08T08:12:00,customs clearance in progress,2025-01-09T08:37:00,transit delay,,,,,,,,,,,,,,,,,,,,,,,,,,,,,,,,,,,,,,,,,,,,,,,,,,,,,,,,,,,,,,,,
67d7c10a380fe7c6439dbc11,958744f2-bf13-4796-a420-21289b4ea89e-61980,5d0e294f-b483-4ba8-bd53-7f058427f35a,2025-01-06T13:46:00,shipment manifested,2025-01-06T13:50:00,released by customs. clearance complete.,2025-01-07T12:31:00,shipment collected,2025-01-07T17:24:00,in transit,2025-01-07T22:55:00,warehouse scan,2025-01-08T00:15:00,warehouse scan,2025-01-08T00:17:00,in transit,2025-01-08T03:34:00,export scan,2025-01-08T05:51:00,held awaiting tax payment by the receiver,2025-01-08T08:11:00,tax payment received,2025-01-08T08:12:00,customs clearance in progress,2025-01-09T08:37:00,transit delay,,,,,,,,,,,,,,,,,,,,,,,,,,,,,,,,,,,,,,,,,,,,,,,,,,,,,,,,,,,,,,,,
67d7c10a380fe7c6439dc2fc,5d32eec3-3c7b-41af-8d0e-b246ad726896-49694,5d0e294f-b483-4ba8-bd53-7f058427f35a,2024-12-13T19:23:00,shipment manifested,2024-12-14T09:47:00,shipment dropped off awaiting carrier collection,2024-12-16T15:59:00,shipment collected,2024-12-16T18:57:00,in transit,2024-12-17T01:17:00,warehouse scan,2024-12-17T03:12:00,warehouse scan,2024-12-17T05:52:00,in transit,2024-12-17T12:37:00,arrival scan,2024-12-18T11:23:00,arrival at delivery depot,2024-12-18T11:27:00,in transit,2024-12-19T10:00:00,additional information required for customs clearance,2024-12-20T09:40:00,transit delay,,,,,,,,,,,,,,,,,,,,,,,,,,,,,,,,,,,,,,,,,,,,,,,,,,,,,,,,,,,,,,,,
67d7c10a380fe7c6439dc309,3037376455,5d0e294f-b483-4ba8-bd53-7f058427f35a,2024-12-13T19:23:00,shipment manifested,2024-12-14T09:47:00,shipment dropped off awaiting carrier collection,2024-12-16T15:59:00,shipment collected,2024-12-16T18:57:00,in transit,2024-12-17T01:17:00,warehouse scan,2024-12-17T03:12:00,warehouse scan,2024-12-17T05:52:00,in transit,2024-12-17T12:37:00,arrival scan,2024-12-18T11:23:00,arrival at delivery depot,2024-12-18T11:27:00,in transit,2024-12-19T10:00:00,additional information required for customs clearance,2024-12-20T09:40:00,transit delay,,,,,,,,,,,,,,,,,,,,,,,,,,,,,,,,,,,,,,,,,,,,,,,,,,,,,,,,,,,,,,,,
67d7c10a380fe7c6439dc6ba,H00FRA0002178824,6e28e500-05f1-4745-9878-e4952ac9afeb,2024-12-29T19:14:54,shipment manifested,2024-12-29T19:40:13,shipment dropped off awaiting carrier collection,2024-12-31T14:11:21,shipment collected,2024-12-31T17:09:23,warehouse scan,2025-01-02T09:16:06,warehouse scan,2025-01-02T18:08:27,warehouse scan,2025-01-03T00:31:53,in transit,2025-01-03T10:29:30,out for delivery,2025-01-03T11:00:06,incomplete or incorrect delivery address. additional information or directions needed for delivery.,2025-01-03T18:01:37,incomplete or incorrect delivery address. additional information or directions needed for delivery.,2025-01-03T18:02:47,incomplete or incorrect delivery address. additional information or directions needed for delivery.,2025-01-04T04:06:40,transit delay,,,,,,,,,,,,,,,,,,,,,,,,,,,,,,,,,,,,,,,,,,,,,,,,,,,,,,,,,,,,,,,,
67d7c10a380fe7c6439dc74f,7b4333c0-0a75-4bdb-bbef-1efad3546ad6-20449,01f30ac3-4496-408f-b1b0-dc6ed4a36006,2025-01-13T14:21:11,shipment manifested,2025-01-15T08:30:08,in transit,2025-01-15T18:15:09,warehouse scan,2025-01-15T22:30:10,in transit,2025-01-15T23:45:23,warehouse scan,2025-01-16T02:00:08,in transit,2025-01-16T04:45:18,warehouse scan,2025-01-16T06:15:18,in transit,2025-01-16T11:30:24,in transit,2025-01-17T03:15:09,warehouse scan,2025-01-17T03:45:06,in transit,2025-01-17T20:45:19,transit delay,,,,,,,,,,,,,,,,,,,,,,,,,,,,,,,,,,,,,,,,,,,,,,,,,,,,,,,,,,,,,,,,
67d7c10a380fe7c6439dcc4a,3235106319,5d0e294f-b483-4ba8-bd53-7f058427f35a,2024-12-18T23:27:00,shipment manifested,2024-12-19T11:46:00,shipment dropped off awaiting carrier collection,2024-12-19T15:33:00,shipment collected,2024-12-19T16:54:00,in transit,2024-12-19T22:52:00,warehouse scan,2024-12-19T23:57:00,warehouse scan,2024-12-20T06:30:00,in transit,2024-12-21T12:02:00,arrival scan,2024-12-23T10:19:00,in transit,2024-12-23T14:33:00,arrival at delivery depot,2024-12-24T10:00:00,additional information required for customs clearance,2024-12-31T09:30:00,transit delay,,,,,,,,,,,,,,,,,,,,,,,,,,,,,,,,,,,,,,,,,,,,,,,,,,,,,,,,,,,,,,,,
67d7c10a380fe7c6439dcccd,3b4fb1c0-7635-4d7f-8b74-877b61dc00c2-99850,5d0e294f-b483-4ba8-bd53-7f058427f35a,2024-12-18T23:27:00,shipment manifested,2024-12-19T11:46:00,shipment dropped off awaiting carrier collection,2024-12-19T15:33:00,shipment collected,2024-12-19T16:54:00,in transit,2024-12-19T22:52:00,warehouse scan,2024-12-19T23:57:00,warehouse scan,2024-12-20T06:30:00,in transit,2024-12-21T12:02:00,arrival scan,2024-12-23T10:19:00,in transit,2024-12-23T14:33:00,arrival at delivery depot,2024-12-24T10:00:00,additional information required for customs clearance,2024-12-31T09:30:00,transit delay,,,,,,,,,,,,,,,,,,,,,,,,,,,,,,,,,,,,,,,,,,,,,,,,,,,,,,,,,,,,,,,,
67d7c10a380fe7c6439de1a1,H00FRA0002183825,6e28e500-05f1-4745-9878-e4952ac9afeb,2025-01-03T10:43:59,shipment manifested,2025-01-06T08:22:00,collection scheduled,2025-01-06T11:35:26,shipment dropped off awaiting carrier collection,2025-01-06T17:25:08,shipment collected,2025-01-06T19:21:07,internal activity scan,2025-01-06T21:03:43,warehouse scan,2025-01-07T12:37:33,warehouse scan,2025-01-08T00:33:13,warehouse scan,2025-01-08T06:37:14,inspection of damaged contents scheduled,2025-01-08T16:10:35,out for delivery,2025-01-08T16:32:40,scheduled for delivery,2025-01-08T17:05:24,delivered,2025-01-09T06:28:23,transit delay,,,,,,,,,,,,,,,,,,,,,,,,,,,,,,,,,,,,,,,,,,,,,,,,,,,,,,,,,,,,,,
67d7c10a380fe7c6439de1e0,3891731395,5d0e294f-b483-4ba8-bd53-7f058427f35a,2025-01-24T09:48:00,out for delivery,2025-01-24T13:05:00,delivery failed,2025-01-24T20:15:00,in transit,2025-01-24T20:15:00,in transit,2025-01-25T02:44:00,in transit,2025-01-25T02:44:00,in transit,2025-01-25T04:30:00,in transit,2025-01-25T04:31:00,in transit,2025-01-25T04:31:00,in transit,2025-01-25T09:04:00,out for delivery,2025-01-25T09:04:00,out for delivery,2025-01-25T10:58:00,transit delay,2025-01-25T10:58:00,transit delay,,,,,,,,,,,,,,,,,,,,,,,,,,,,,,,,,,,,,,,,,,,,,,,,,,,,,,,,,,,,,,
67d7c10a380fe7c6439de1e1,95fc4d0f-8072-4928-be1d-30c72cacca94-94359,5d0e294f-b483-4ba8-bd53-7f058427f35a,2025-01-24T09:48:00,out for delivery,2025-01-24T13:05:00,delivery failed,2025-01-24T20:15:00,in transit,2025-01-24T20:15:00,in transit,2025-01-25T02:44:00,in transit,2025-01-25T02:44:00,in transit,2025-01-25T04:30:00,in transit,2025-01-25T04:31:00,in transit,2025-01-25T04:31:00,in transit,2025-01-25T09:04:00,out for delivery,2025-01-25T09:04:00,out for delivery,2025-01-25T10:58:00,transit delay,2025-01-25T10:58:00,transit delay,,,,,,,,,,,,,,,,,,,,,,,,,,,,,,,,,,,,,,,,,,,,,,,,,,,,,,,,,,,,,,
67d7c10a380fe7c6439de78c,4fa9d677-57cb-46a4-9800-48f74e1c13b1-12425,5d0e294f-b483-4ba8-bd53-7f058427f35a,2025-01-15T21:09:00,shipment manifested,2025-01-15T21:13:00,released by customs. clearance complete.,2025-01-16T21:06:00,shipment dropped off awaiting carrier collection,2025-01-19T10:05:00,shipment collected,2025-01-19T16:59:00,in transit,2025-01-20T00:42:00,warehouse scan,2025-01-20T03:44:00,warehouse scan,2025-01-20T03:45:00,in transit,2025-01-20T06:19:00,export scan,2025-01-20T08:19:00,held awaiting tax payment by the receiver,2025-01-20T22:22:00,customs clearance in progress,2025-01-21T07:00:00,held awaiting tax payment by the receiver,2025-01-21T08:01:00,transit delay,,,,,,,,,,,,,,,,,,,,,,,,,,,,,,,,,,,,,,,,,,,,,,,,,,,,,,,,,,,,,,
67d7c10a380fe7c6439de78d,3972896497,5d0e294f-b483-4ba8-bd53-7f058427f35a,2025-01-15T21:09:00,shipment manifested,2025-01-15T21:13:00,released by customs. clearance complete.,2025-01-16T21:06:00,shipment dropped off awaiting carrier collection,2025-01-19T10:05:00,shipment collected,2025-01-19T16:59:00,in transit,2025-01-20T00:42:00,warehouse scan,2025-01-20T03:44:00,warehouse scan,2025-01-20T03:45:00,in transit,2025-01-20T06:19:00,export scan,2025-01-20T08:19:00,held awaiting tax payment by the receiver,2025-01-20T22:22:00,customs clearance in progress,2025-01-21T07:00:00,held awaiting tax payment by the receiver,2025-01-21T08:01:00,transit delay,,,,,,,,,,,,,,,,,,,,,,,,,,,,,,,,,,,,,,,,,,,,,,,,,,,,,,,,,,,,,,
67d7c10a380fe7c6439df25f,3037862978,5d0e294f-b483-4ba8-bd53-7f058427f35a,2024-12-16T11:48:00,shipment manifested,2024-12-17T11:15:00,shipment collected,2024-12-17T17:41:00,in transit,2024-12-17T23:07:00,warehouse scan,2024-12-18T00:47:00,warehouse scan,2024-12-19T12:21:00,package relabelled,2024-12-20T00:39:00,warehouse scan,2024-12-30T06:30:00,in transit,2024-12-30T13:38:00,arrival scan,2024-12-30T15:46:00,in transit,2025-01-01T05:25:00,arrival at delivery depot,2025-01-01T15:59:00,in transit,2025-01-02T10:00:00,transit delay,,,,,,,,,,,,,,,,,,,,,,,,,,,,,,,,,,,,,,,,,,,,,,,,,,,,,,,,,,,,,,
67d7c10a380fe7c6439df898,cbded029-4a8e-4eae-a85c-d86495375fa0-10776,01f30ac3-4496-408f-b1b0-dc6ed4a36006,2024-12-18T16:10:53,shipment manifested,2024-12-18T20:30:04,in transit,2024-12-27T17:30:20,warehouse scan,2024-12-27T19:00:07,in transit,2024-12-27T21:15:05,warehouse scan,2024-12-28T01:30:05,in transit,2024-12-28T01:45:05,warehouse scan,2024-12-30T00:30:03,in transit,2024-12-30T04:30:08,in transit,2024-12-30T14:45:05,delay due to adverse weather conditions,2024-12-31T04:00:06,warehouse scan,2025-01-02T20:15:04,in transit,2025-01-03T16:15:21,transit delay,,,,,,,,,,,,,,,,,,,,,,,,,,,,,,,,,,,,,,,,,,,,,,,,,,,,,,,,,,,,,,
67d7c10a380fe7c6439dfa13,eefbb444-89bd-4d30-aefc-4759919add04-59598,5d0e294f-b483-4ba8-bd53-7f058427f35a,2024-12-16T11:48:00,shipment manifested,2024-12-17T11:15:00,shipment collected,2024-12-17T17:41:00,in transit,2024-12-17T23:07:00,warehouse scan,2024-12-18T00:47:00,warehouse scan,2024-12-19T12:21:00,package relabelled,2024-12-20T00:39:00,warehouse scan,2024-12-30T06:30:00,in transit,2024-12-30T13:38:00,arrival scan,2024-12-30T15:46:00,in transit,2025-01-01T05:25:00,arrival at delivery depot,2025-01-01T15:59:00,in transit,2025-01-02T10:00:00,transit delay,,,,,,,,,,,,,,,,,,,,,,,,,,,,,,,,,,,,,,,,,,,,,,,,,,,,,,,,,,,,,,
67d7c10a380fe7c6439e0c41,9b721563-2802-44b2-aaea-483197170f84-76072,5d0e294f-b483-4ba8-bd53-7f058427f35a,2024-12-09T16:34:00,shipment manifested,2024-12-09T16:39:00,released by customs. clearance complete.,2024-12-16T14:04:00,shipment collected,2024-12-16T14:55:00,in transit,2024-12-16T19:55:00,warehouse scan,2024-12-16T22:55:00,warehouse scan,2024-12-17T03:49:00,warehouse scan,2024-12-19T05:56:00,in transit,2024-12-19T15:29:00,in transit,2024-12-20T06:36:00,in transit,2024-12-24T23:10:00,delayed due to circumstances beyond our control - corrective action underway,2024-12-28T10:02:00,arrival at delivery depot,2024-12-31T23:10:00,delayed due to circumstances beyond our control - corrective action underway,2025-01-03T08:16:00,transit delay,,,,,,,,,,,,,,,,,,,,,,,,,,,,,,,,,,,,,,,,,,,,,,,,,,,,,,,,,,,,
67d7c10a380fe7c6439e0c5d,9b721563-2802-44b2-aaea-483197170f84-60918,5d0e294f-b483-4ba8-bd53-7f058427f35a,2024-12-09T16:34:00,shipment manifested,2024-12-09T16:39:00,released by customs. clearance complete.,2024-12-16T14:04:00,shipment collected,2024-12-16T15:18:00,in transit,2024-12-16T22:24:00,warehouse scan,2024-12-17T00:34:00,warehouse scan,2024-12-17T03:57:00,warehouse scan,2024-12-19T05:56:00,in transit,2024-12-19T15:34:00,in transit,2024-12-19T21:33:00,in transit,2024-12-24T23:10:00,delayed due to circumstances beyond our control - corrective action underway,2024-12-28T09:39:00,arrival at delivery depot,2024-12-31T23:10:00,delayed due to circumstances beyond our control - corrective action underway,2025-01-02T10:22:00,transit delay,,,,,,,,,,,,,,,,,,,,,,,,,,,,,,,,,,,,,,,,,,,,,,,,,,,,,,,,,,,,
67d7c10a380fe7c6439e192b,73cc6002-7342-4ba4-8570-eec019f9981c-82838,5d0e294f-b483-4ba8-bd53-7f058427f35a,2024-12-16T11:13:00,shipment manifested,2024-12-17T11:16:00,shipment collected,2024-12-17T17:43:00,in transit,2024-12-17T21:52:00,warehouse scan,2024-12-17T23:52:00,warehouse scan,2024-12-18T06:30:00,in transit,2024-12-18T09:43:00,arrival scan,2024-12-19T11:11:00,in transit,2024-12-22T10:00:00,additional information required for customs clearance,2024-12-24T11:29:00,in transit,2024-12-27T12:01:00,in transit,2024-12-28T13:19:00,arrival at delivery depot,2024-12-29T15:47:00,in transit,2024-12-30T10:00:00,transit delay,,,,,,,,,,,,,,,,,,,,,,,,,,,,,,,,,,,,,,,,,,,,,,,,,,,,,,,,,,,,
67d7c10a380fe7c6439e19cb,H00FFA0003179467,6e28e500-05f1-4745-9878-e4952ac9afeb,2024-12-18T23:46:32,shipment manifested,2024-12-19T08:38:45,shipment dropped off awaiting carrier collection,2024-12-19T18:01:29,warehouse scan,2024-12-19T18:02:28,warehouse scan,2024-12-20T21:27:37,warehouse scan,2024-12-21T09:27:37,out for delivery,2024-12-21T10:59:56,delivery attempted. receiver not available for delivery,2024-12-22T21:25:20,new instructions received - we updated the delivery information for your package,2024-12-24T00:54:25,warehouse scan,2024-12-24T03:48:07,in transit,2024-12-24T08:34:32,out for delivery,2024-12-24T09:50:03,delivery rescheduled,2024-12-28T11:21:32,incomplete or incorrect delivery address. additional information or directions needed for delivery.,2024-12-28T16:33:29,transit delay,,,,,,,,,,,,,,,,,,,,,,,,,,,,,,,,,,,,,,,,,,,,,,,,,,,,,,,,,,,,
67d7c10a380fe7c6439e203f,3037829465,5d0e294f-b483-4ba8-bd53-7f058427f35a,2024-12-16T11:13:00,shipment manifested,2024-12-17T11:16:00,shipment collected,2024-12-17T17:43:00,in transit,2024-12-17T21:52:00,warehouse scan,2024-12-17T23:52:00,warehouse scan,2024-12-18T06:30:00,in transit,2024-12-18T09:43:00,arrival scan,2024-12-19T11:11:00,in transit,2024-12-22T10:00:00,additional information required for customs clearance,2024-12-24T11:29:00,in transit,2024-12-27T12:01:00,in transit,2024-12-28T13:19:00,arrival at delivery depot,2024-12-29T15:47:00,in transit,2024-12-30T10:00:00,transit delay,,,,,,,,,,,,,,,,,,,,,,,,,,,,,,,,,,,,,,,,,,,,,,,,,,,,,,,,,,,,
67d7c10b380fe7c6439e3d63,H00FRA0002181314,6e28e500-05f1-4745-9878-e4952ac9afeb,2024-12-31T17:08:26,shipment manifested,2025-01-02T09:47:44,shipment dropped off awaiting carrier collection,2025-01-02T12:06:29,shipment collected,2025-01-02T22:15:03,warehouse scan,2025-01-03T11:41:00,warehouse scan,2025-01-04T04:30:00,warehouse scan,2025-01-06T10:05:28,out for delivery,2025-01-06T10:09:45,warehouse scan,2025-01-06T10:14:36,package damaged - on hold,2025-01-06T21:55:32,warehouse scan,2025-01-07T11:10:43,out for delivery,2025-01-07T11:15:45,warehouse scan,2025-01-07T11:19:36,incomplete or incorrect delivery address. additional information or directions needed for delivery.,2025-01-07T16:52:00,incomplete or incorrect delivery address. additional information or directions needed for delivery.,2025-01-07T16:58:02,transit delay,,,,,,,,,,,,,,,,,,,,,,,,,,,,,,,,,,,,,,,,,,,,,,,,,,,,,,,,,,
67d7c10b380fe7c6439e4009,05ebec66-2997-42ea-bb4e-bca34f9c11cb-62968,01f30ac3-4496-408f-b1b0-dc6ed4a36006,2025-01-13T21:23:37,shipment manifested,2025-01-14T08:00:26,in transit,2025-01-14T17:30:06,warehouse scan,2025-01-14T20:00:10,in transit,2025-01-14T21:15:24,in transit,2025-01-14T21:15:24,warehouse scan,2025-01-14T23:16:22,in transit,2025-01-15T00:30:06,warehouse scan,2025-01-15T04:15:10,in transit,2025-01-15T08:00:08,warehouse scan,2025-01-15T08:15:03,in transit,2025-01-15T10:45:04,warehouse scan,2025-01-15T11:30:08,in transit,2025-01-16T08:00:06,out for delivery,2025-01-16T20:30:15,transit delay,,,,,,,,,,,,,,,,,,,,,,,,,,,,,,,,,,,,,,,,,,,,,,,,,,,,,,,,,,
67d7c10b380fe7c6439e5203,9b721563-2802-44b2-aaea-483197170f84-78731,5d0e294f-b483-4ba8-bd53-7f058427f35a,2024-12-09T16:34:00,shipment manifested,2024-12-09T16:39:00,released by customs. clearance complete.,2024-12-17T00:09:00,warehouse scan,2024-12-17T01:50:00,warehouse scan,2024-12-17T03:40:00,warehouse scan,2024-12-20T06:40:00,in transit,2024-12-23T18:31:00,in transit,2024-12-23T22:07:00,in transit,2024-12-24T23:10:00,delayed due to circumstances beyond our control - corrective action underway,2024-12-31T23:10:00,delayed due to circumstances beyond our control - corrective action underway,2025-01-03T08:33:00,arrival at delivery depot,2025-01-03T09:49:00,out for delivery,2025-01-03T09:49:00,out for delivery,2025-01-03T10:04:00,delivery attempted,2025-01-03T10:04:00,delivery attempted,2025-01-07T08:59:00,transit delay,,,,,,,,,,,,,,,,,,,,,,,,,,,,,,,,,,,,,,,,,,,,,,,,,,,,,,,,
67d7c10b380fe7c6439e5225,9b721563-2802-44b2-aaea-483197170f84-60918,5d0e294f-b483-4ba8-bd53-7f058427f35a,2024-12-09T16:34:00,shipment manifested,2024-12-09T16:39:00,released by customs. clearance complete.,2024-12-16T14:04:00,shipment collected,2024-12-16T15:18:00,in transit,2024-12-16T22:24:00,warehouse scan,2024-12-17T00:34:00,warehouse scan,2024-12-17T03:57:00,warehouse scan,2024-12-19T05:56:00,in transit,2024-12-19T15:34:00,in transit,2024-12-19T21:33:00,in transit,2024-12-24T23:10:00,delayed due to circumstances beyond our control - corrective action underway,2024-12-28T09:39:00,arrival at delivery depot,2024-12-31T23:10:00,delayed due to circumstances beyond our control - corrective action underway,2025-01-02T10:22:00,transit delay,2025-01-02T10:22:00,arrival at delivery depot,2025-01-03T07:50:00,transit delay,,,,,,,,,,,,,,,,,,,,,,,,,,,,,,,,,,,,,,,,,,,,,,,,,,,,,,,,
67d7c10b380fe7c6439e55b2,1Z7E524X0496243873,0bb863db-1a5d-4688-8212-a842ab236726,2024-12-18T15:10:02,shipment manifested,2024-12-18T16:58:00,shipment dropped off awaiting carrier collection,2024-12-18T16:58:18,shipment dropped off awaiting carrier collection,2024-12-19T12:11:10,shipment collected,2024-12-19T19:41:11,in transit,2024-12-19T19:45:00,in transit,2024-12-19T21:09:00,in transit,2024-12-19T21:44:36,export scan,2024-12-19T22:48:00,in transit,2024-12-20T00:01:00,in transit,2024-12-20T03:30:00,in transit,2024-12-20T04:09:22,internal activity scan,2024-12-20T04:15:00,in transit,2024-12-20T05:15:00,in transit,2024-12-20T07:46:26,in transit,2024-12-24T11:21:22,transit delay,,,,,,,,,,,,,,,,,,,,,,,,,,,,,,,,,,,,,,,,,,,,,,,,,,,,,,,,
67d7c10b380fe7c6439e5c4d,6bf70eee-ac59-4525-98e1-5606c287e38b-26078,5d0e294f-b483-4ba8-bd53-7f058427f35a,2025-01-04T16:12:00,shipment manifested,2025-01-08T10:42:00,shipment dropped off awaiting carrier collection,2025-01-09T10:41:00,shipment collected,2025-01-09T15:22:00,in transit,2025-01-09T21:06:00,warehouse scan,2025-01-10T02:30:00,warehouse scan,2025-01-10T06:45:00,arrival scan,2025-01-10T06:45:00,export scan,2025-01-10T06:54:00,export scan,2025-01-10T17:45:00,released by customs. clearance complete.,2025-01-13T18:21:00,arrival scan,2025-01-14T00:05:00,in transit,2025-01-14T19:51:00,arrival at delivery depot,2025-01-16T05:43:00,arrival scan,2025-01-16T11:43:00,arrival at delivery depot,2025-01-17T09:36:00,transit delay,,,,,,,,,,,,,,,,,,,,,,,,,,,,,,,,,,,,,,,,,,,,,,,,,,,,,,,,
67d7c10b380fe7c6439e5d84,H00FFA0003174241,6e28e500-05f1-4745-9878-e4952ac9afeb,2024-12-17T06:36:53,shipment manifested,2024-12-17T09:13:45,shipment dropped off awaiting carrier collection,2024-12-17T12:05:07,shipment collected,2024-12-17T21:15:23,warehouse scan,2024-12-18T11:54:51,warehouse scan,2024-12-18T21:55:35,warehouse scan,2024-12-19T02:06:23,in transit,2024-12-19T17:08:14,out for delivery,2024-12-19T18:01:13,delivery attempted. receiver not available for delivery,2024-12-20T16:04:17,out for delivery,2024-12-20T16:27:04,scheduled for delivery,2024-12-20T16:53:49,delivery attempted. unable to access the premises for delivery.,2024-12-21T10:16:52,out for delivery,2024-12-21T10:51:16,delivery attempted. receiver not available for delivery,2024-12-23T03:28:29,incomplete or incorrect delivery address. additional information or directions needed for delivery.,2024-12-23T03:28:46,transit delay,,,,,,,,,,,,,,,,,,,,,,,,,,,,,,,,,,,,,,,,,,,,,,,,,,,,,,,,
67d7c10b380fe7c6439e6209,9732323098,5d0e294f-b483-4ba8-bd53-7f058427f35a,2024-10-18T13:19:00,shipment manifested,2024-10-18T13:42:00,shipment dropped off awaiting carrier collection,2024-10-19T11:34:00,shipment collected,2024-10-19T19:33:00,in transit,2024-10-19T19:35:00,in transit,2024-10-19T22:11:00,warehouse scan,2024-10-21T00:03:00,warehouse scan,2024-10-21T06:30:00,in transit,2024-10-21T21:11:00,arrival scan,2024-10-22T12:31:00,in transit,2024-10-25T10:00:00,additional information required for customs clearance,2024-10-29T10:36:00,in transit,2024-10-30T11:22:00,arrival at delivery depot,2024-11-01T06:12:00,arrival at delivery depot,2024-11-02T07:38:00,in transit,2024-11-02T10:00:00,transit delay,,,,,,,,,,,,,,,,,,,,,,,,,,,,,,,,,,,,,,,,,,,,,,,,,,,,,,,,
67d7c10b380fe7c6439e622f,87e34f31-2db6-4c4c-ba92-c732244e0a09-47092,5d0e294f-b483-4ba8-bd53-7f058427f35a,2024-10-18T13:19:00,shipment manifested,2024-10-18T13:42:00,shipment dropped off awaiting carrier collection,2024-10-19T11:34:00,shipment collected,2024-10-19T19:33:00,in transit,2024-10-19T19:35:00,in transit,2024-10-19T22:11:00,warehouse scan,2024-10-21T00:03:00,warehouse scan,2024-10-21T06:30:00,in transit,2024-10-21T21:11:00,arrival scan,2024-10-22T12:31:00,in transit,2024-10-25T10:00:00,additional information required for customs clearance,2024-10-29T10:36:00,in transit,2024-10-30T11:22:00,arrival at delivery depot,2024-11-01T06:12:00,arrival at delivery depot,2024-11-02T07:38:00,in transit,2024-11-02T10:00:00,transit delay,,,,,,,,,,,,,,,,,,,,,,,,,,,,,,,,,,,,,,,,,,,,,,,,,,,,,,,,
67d7c10b380fe7c6439e6649,fa1c1827-baa2-4a99-98c8-8479a8422da3-36215,01f30ac3-4496-408f-b1b0-dc6ed4a36006,2025-01-03T14:58:19,shipment manifested,2025-01-03T16:45:36,in transit,2025-01-06T19:45:14,warehouse scan,2025-01-06T22:30:23,warehouse scan,2025-01-06T22:30:23,in transit,2025-01-06T23:00:47,in transit,2025-01-07T04:30:23,in transit,2025-01-07T12:15:25,warehouse scan,2025-01-07T15:15:11,in transit,2025-01-07T17:00:09,warehouse scan,2025-01-08T11:45:14,in transit,2025-01-08T15:45:19,in transit,2025-01-08T15:45:19,warehouse scan,2025-01-10T05:15:06,in transit,2025-01-10T06:00:03,warehouse scan,2025-01-10T15:30:14,transit delay,,,,,,,,,,,,,,,,,,,,,,,,,,,,,,,,,,,,,,,,,,,,,,,,,,,,,,,,
67d7c10b380fe7c6439e6c08,3739522320,5d0e294f-b483-4ba8-bd53-7f058427f35a,2025-01-04T16:12:00,shipment manifested,2025-01-08T10:42:00,shipment dropped off awaiting carrier collection,2025-01-09T10:41:00,shipment collected,2025-01-09T15:22:00,in transit,2025-01-09T21:06:00,warehouse scan,2025-01-10T02:30:00,warehouse scan,2025-01-10T06:45:00,arrival scan,2025-01-10T06:45:00,export scan,2025-01-10T06:54:00,export scan,2025-01-10T17:45:00,released by customs. clearance complete.,2025-01-13T18:21:00,arrival scan,2025-01-14T00:05:00,in transit,2025-01-14T19:51:00,arrival at delivery depot,2025-01-16T05:43:00,arrival scan,2025-01-16T11:43:00,arrival at delivery depot,2025-01-17T09:36:00,transit delay,,,,,,,,,,,,,,,,,,,,,,,,,,,,,,,,,,,,,,,,,,,,,,,,,,,,,,,,
67d7c10b380fe7c6439e6d04,H00FRA0002167566,6e28e500-05f1-4745-9878-e4952ac9afeb,2024-12-19T15:57:13,shipment manifested,2024-12-19T16:12:39,shipment dropped off awaiting carrier collection,2024-12-20T14:27:53,shipment collected,2024-12-20T17:21:18,warehouse scan,2024-12-21T09:22:02,warehouse scan,2024-12-21T09:23:02,warehouse scan,2024-12-24T13:18:40,package relabelled,2024-12-27T02:19:53,warehouse scan,2024-12-27T09:46:41,out for delivery,2024-12-27T10:19:23,scheduled for delivery,2024-12-27T13:55:18,delivery failed,2024-12-28T09:34:26,out for delivery,2024-12-28T11:07:58,scheduled for delivery,2024-12-28T11:52:47,delivery rescheduled,2024-12-30T09:39:48,warehouse scan,2024-12-30T17:31:51,incomplete or incorrect delivery address. additional information or directions needed for delivery.,2024-12-30T17:54:15,transit delay,,,,,,,,,,,,,,,,,,,,,,,,,,,,,,,,,,,,,,,,,,,,,,,,,,,,,,
67d7c10b380fe7c6439e6da5,c4ede0cd-606b-4b93-966a-f759202b4131-29894,01f30ac3-4496-408f-b1b0-dc6ed4a36006,2025-01-03T08:44:09,shipment manifested,2025-01-03T12:45:08,in transit,2025-01-03T19:00:04,warehouse scan,2025-01-03T21:30:04,in transit,2025-01-03T21:30:04,in transit,2025-01-03T22:45:03,warehouse scan,2025-01-04T00:45:04,in transit,2025-01-04T02:45:05,awaiting release from customs,2025-01-04T02:45:05,customs clearance in progress,2025-01-04T08:15:08,warehouse scan,2025-01-04T18:15:05,in transit,2025-01-08T08:45:33,in transit,2025-01-08T10:15:09,warehouse scan,2025-01-08T11:15:21,in transit,2025-01-08T12:30:20,in transit,2025-01-08T12:30:20,warehouse scan,2025-01-08T12:30:20,transit delay,,,,,,,,,,,,,,,,,,,,,,,,,,,,,,,,,,,,,,,,,,,,,,,,,,,,,,
67d7c10b380fe7c6439e6f5c,9b721563-2802-44b2-aaea-483197170f84-41717,5d0e294f-b483-4ba8-bd53-7f058427f35a,2024-12-09T16:34:00,shipment manifested,2024-12-09T16:39:00,released by customs. clearance complete.,2024-12-16T14:04:00,shipment collected,2024-12-16T14:55:00,in transit,2024-12-16T19:56:00,warehouse scan,2024-12-16T22:55:00,warehouse scan,2024-12-17T03:49:00,warehouse scan,2024-12-19T05:56:00,in transit,2024-12-19T15:30:00,in transit,2024-12-19T21:33:00,in transit,2024-12-24T23:10:00,delayed due to circumstances beyond our control - corrective action underway,2024-12-28T09:40:00,arrival at delivery depot,2024-12-31T23:10:00,delayed due to circumstances beyond our control - corrective action underway,2025-01-02T08:19:00,arrival at delivery depot,2025-01-02T09:23:00,out for delivery,2025-01-02T10:19:00,delivery attempted,2025-01-03T08:16:00,transit delay,,,,,,,,,,,,,,,,,,,,,,,,,,,,,,,,,,,,,,,,,,,,,,,,,,,,,,
67d7c10b380fe7c6439e768d,2909539743,5d0e294f-b483-4ba8-bd53-7f058427f35a,2024-12-09T16:34:00,shipment manifested,2024-12-09T16:39:00,released by customs. clearance complete.,2024-12-16T14:04:00,shipment collected,2024-12-16T14:55:00,in transit,2024-12-16T19:56:00,warehouse scan,2024-12-16T22:55:00,warehouse scan,2024-12-17T03:49:00,warehouse scan,2024-12-19T05:56:00,in transit,2024-12-19T15:30:00,in transit,2024-12-19T21:33:00,in transit,2024-12-24T23:10:00,delayed due to circumstances beyond our control - corrective action underway,2024-12-28T09:40:00,arrival at delivery depot,2024-12-31T23:10:00,delayed due to circumstances beyond our control - corrective action underway,2025-01-02T08:19:00,arrival at delivery depot,2025-01-02T09:23:00,out for delivery,2025-01-02T10:19:00,delivery attempted,2025-01-03T08:16:00,transit delay,,,,,,,,,,,,,,,,,,,,,,,,,,,,,,,,,,,,,,,,,,,,,,,,,,,,,,
67d7c10b380fe7c6439e811a,fa1c1827-baa2-4a99-98c8-8479a8422da3-36215,01f30ac3-4496-408f-b1b0-dc6ed4a36006,2025-01-03T14:58:19,shipment manifested,2025-01-03T16:45:36,in transit,2025-01-06T19:45:14,warehouse scan,2025-01-06T22:30:23,warehouse scan,2025-01-06T22:30:23,in transit,2025-01-06T23:00:47,in transit,2025-01-07T04:30:23,in transit,2025-01-07T12:15:25,warehouse scan,2025-01-07T15:15:11,in transit,2025-01-07T17:00:09,warehouse scan,2025-01-08T11:45:14,in transit,2025-01-08T15:45:19,in transit,2025-01-08T15:45:19,warehouse scan,2025-01-10T05:15:06,in transit,2025-01-10T06:00:03,warehouse scan,2025-01-10T15:30:14,transit delay,2025-01-14T15:30:10,transit delay,,,,,,,,,,,,,,,,,,,,,,,,,,,,,,,,,,,,,,,,,,,,,,,,,,,,,,
67d7c10b380fe7c6439e88e6,9b721563-2802-44b2-aaea-483197170f84-78731,5d0e294f-b483-4ba8-bd53-7f058427f35a,2024-12-09T16:34:00,shipment manifested,2024-12-09T16:39:00,released by customs. clearance complete.,2024-12-17T00:09:00,warehouse scan,2024-12-17T01:50:00,warehouse scan,2024-12-17T03:40:00,warehouse scan,2024-12-20T06:40:00,in transit,2024-12-23T18:31:00,in transit,2024-12-23T22:07:00,in transit,2024-12-24T23:10:00,delayed due to circumstances beyond our control - corrective action underway,2024-12-31T23:10:00,delayed due to circumstances beyond our control - corrective action underway,2025-01-03T08:33:00,arrival at delivery depot,2025-01-03T09:49:00,out for delivery,2025-01-03T09:49:00,out for delivery,2025-01-03T10:04:00,delivery attempted,2025-01-03T10:04:00,delivery attempted,2025-01-07T08:59:00,transit delay,2025-01-07T08:59:00,arrival at delivery depot,2025-01-07T08:59:00,transit delay,,,,,,,,,,,,,,,,,,,,,,,,,,,,,,,,,,,,,,,,,,,,,,,,,,,,
67d7c10b380fe7c6439e8901,9b721563-2802-44b2-aaea-483197170f84-60918,5d0e294f-b483-4ba8-bd53-7f058427f35a,2024-12-09T16:34:00,shipment manifested,2024-12-09T16:39:00,released by customs. clearance complete.,2024-12-16T14:04:00,shipment collected,2024-12-16T15:18:00,in transit,2024-12-16T22:24:00,warehouse scan,2024-12-17T00:34:00,warehouse scan,2024-12-17T03:57:00,warehouse scan,2024-12-19T05:56:00,in transit,2024-12-19T15:34:00,in transit,2024-12-19T21:33:00,in transit,2024-12-24T23:10:00,delayed due to circumstances beyond our control - corrective action underway,2024-12-28T09:39:00,arrival at delivery depot,2024-12-31T23:10:00,delayed due to circumstances beyond our control - corrective action underway,2025-01-02T10:22:00,transit delay,2025-01-02T10:22:00,arrival at delivery depot,2025-01-03T07:50:00,transit delay,2025-01-03T07:50:00,arrival at delivery depot,2025-01-03T07:50:00,transit delay,,,,,,,,,,,,,,,,,,,,,,,,,,,,,,,,,,,,,,,,,,,,,,,,,,,,
67d7c10b380fe7c6439eaa5c,1Z7E524X0497359523,0bb863db-1a5d-4688-8212-a842ab236726,2025-01-02T19:26:32,shipment manifested,2025-01-03T16:09:22,shipment collected,2025-01-03T17:12:59,in transit,2025-01-03T17:15:47,missing or incomplete export documentation,2025-01-03T17:24:49,released by customs. clearance complete.,2025-01-03T21:14:05,export scan,2025-01-03T21:55:00,in transit,2025-01-03T23:11:00,in transit,2025-01-04T07:51:00,in transit,2025-01-04T23:38:58,package exceeds maximum weight,2025-01-07T01:45:59,carrier error delayed delivery,2025-01-08T01:28:55,package exceeds maximum weight,2025-01-09T08:19:40,package exceeds maximum weight,2025-01-10T22:52:06,package exceeds maximum weight,2025-01-12T22:45:28,warehouse scan,2025-01-13T03:42:35,warehouse scan,2025-01-15T04:30:00,in transit,2025-01-16T10:10:53,in transit,2025-01-16T11:35:49,transit delay,,,,,,,,,,,,,,,,,,,,,,,,,,,,,,,,,,,,,,,,,,,,,,,,,,
67d7c107380fe7c6439a8986,1d6208d9-7526-41ee-8c83-017f0a2317a1-79541,5d0e294f-b483-4ba8-bd53-7f058427f35a,2025-01-03T16:41:00,shipment manifested,2025-01-06T20:51:00,transit delay,,,,,,,,,,,,,,,,,,,,,,,,,,,,,,,,,,,,,,,,,,,,,,,,,,,,,,,,,,,,,,,,,,,,,,,,,,,,,,,,,,,,
67d7c107380fe7c6439a8995,1d6208d9-7526-41ee-8c83-017f0a2317a1-32323,5d0e294f-b483-4ba8-bd53-7f058427f35a,2025-01-03T16:41:00,shipment manifested,2025-01-06T20:51:00,transit delay,,,,,,,,,,,,,,,,,,,,,,,,,,,,,,,,,,,,,,,,,,,,,,,,,,,,,,,,,,,,,,,,,,,,,,,,,,,,,,,,,,,,
67d7c107380fe7c6439a899b,3739417581,5d0e294f-b483-4ba8-bd53-7f058427f35a,2025-01-03T16:41:00,shipment manifested,2025-01-06T20:51:00,transit delay,,,,,,,,,,,,,,,,,,,,,,,,,,,,,,,,,,,,,,,,,,,,,,,,,,,,,,,,,,,,,,,,,,,,,,,,,,,,,,,,,,,,
67d7c10b380fe7c6439eb8a0,H00FRA0002164178,6e28e500-05f1-4745-9878-e4952ac9afeb,2024-12-18T15:03:26,shipment manifested,2024-12-18T15:19:02,shipment dropped off awaiting carrier collection,2024-12-19T14:21:46,shipment collected,2024-12-19T18:50:47,warehouse scan,2024-12-20T11:12:03,in transit,2024-12-20T22:20:26,warehouse scan,2024-12-21T09:25:18,out for delivery,2024-12-21T10:16:29,package too large for delivery,2024-12-23T14:57:28,inspection of damaged contents scheduled,2024-12-23T14:59:18,shipment to be returned,2024-12-24T02:07:06,warehouse scan,2024-12-24T02:07:38,warehouse scan,2024-12-24T02:12:35,in transit,2024-12-24T05:38:19,warehouse scan,2024-12-24T06:04:47,in transit,2024-12-24T09:07:17,out for delivery,2024-12-24T09:42:03,package damaged - on hold,2024-12-27T06:40:30,warehouse scan,2024-12-30T23:17:18,inspection of damaged contents scheduled,2024-12-30T23:22:21,transit delay,,,,,,,,,,,,,,,,,,,,,,,,,,,,,,,,,,,,,,,,,,,,,,,,
67d7c10b380fe7c6439ebdac,3cc15e35-13c8-4b97-bcea-21d4f1df60e4-49042,01f30ac3-4496-408f-b1b0-dc6ed4a36006,2024-12-18T15:16:58,shipment manifested,2024-12-19T09:30:17,in transit,2024-12-19T18:45:07,warehouse scan,2024-12-19T20:30:09,in transit,2024-12-19T22:30:20,warehouse scan,2024-12-20T00:00:15,in transit,2024-12-20T06:45:10,warehouse scan,2024-12-20T07:30:10,in transit,2024-12-20T10:15:25,in transit,2024-12-20T19:00:05,warehouse scan,2024-12-20T23:15:06,in transit,2024-12-21T01:30:03,in transit,2024-12-21T10:00:10,warehouse scan,2024-12-23T06:00:03,out for delivery,2024-12-23T10:00:14,out for delivery,2024-12-23T10:00:14,in transit,2024-12-23T14:45:06,delivery attempted. receiver not available for delivery,2024-12-23T20:15:06,delivery attempted. receiver not available for delivery,2024-12-24T06:45:02,out for delivery,2024-12-24T16:15:07,transit delay,,,,,,,,,,,,,,,,,,,,,,,,,,,,,,,,,,,,,,,,,,,,,,,,
67d7c10b380fe7c6439ecebb,9b721563-2802-44b2-aaea-483197170f84-60918,5d0e294f-b483-4ba8-bd53-7f058427f35a,2024-12-09T16:34:00,shipment manifested,2024-12-09T16:39:00,released by customs. clearance complete.,2024-12-16T14:04:00,shipment collected,2024-12-16T15:18:00,in transit,2024-12-16T22:24:00,warehouse scan,2024-12-17T00:34:00,warehouse scan,2024-12-17T03:57:00,warehouse scan,2024-12-19T05:56:00,in transit,2024-12-19T15:34:00,in transit,2024-12-19T21:33:00,in transit,2024-12-24T23:10:00,delayed due to circumstances beyond our control - corrective action underway,2024-12-28T09:39:00,arrival at delivery depot,2024-12-31T23:10:00,delayed due to circumstances beyond our control - corrective action underway,2025-01-02T10:22:00,transit delay,2025-01-02T10:22:00,arrival at delivery depot,2025-01-03T07:50:00,transit delay,2025-01-03T07:50:00,arrival at delivery depot,2025-01-03T07:50:00,transit delay,2025-01-03T07:50:00,arrival at delivery depot,2025-01-07T07:31:00,arrival at delivery depot,2025-01-07T07:31:00,arrival at delivery depot,2025-01-07T08:47:00,transit delay,,,,,,,,,,,,,,,,,,,,,,,,,,,,,,,,,,,,,,,,,,,,
67d7c10c380fe7c6439ed9ea,9b721563-2802-44b2-aaea-483197170f84-60918,5d0e294f-b483-4ba8-bd53-7f058427f35a,2024-12-09T16:34:00,shipment manifested,2024-12-09T16:39:00,released by customs. clearance complete.,2024-12-16T14:04:00,shipment collected,2024-12-16T15:18:00,in transit,2024-12-16T22:24:00,warehouse scan,2024-12-17T00:34:00,warehouse scan,2024-12-17T03:57:00,warehouse scan,2024-12-19T05:56:00,in transit,2024-12-19T15:34:00,in transit,2024-12-19T21:33:00,in transit,2024-12-24T23:10:00,delayed due to circumstances beyond our control - corrective action underway,2024-12-28T09:39:00,arrival at delivery depot,2024-12-31T23:10:00,delayed due to circumstances beyond our control - corrective action underway,2025-01-02T10:22:00,transit delay,2025-01-02T10:22:00,arrival at delivery depot,2025-01-03T07:50:00,transit delay,2025-01-03T07:50:00,arrival at delivery depot,2025-01-03T07:50:00,transit delay,2025-01-03T07:50:00,arrival at delivery depot,2025-01-07T07:31:00,arrival at delivery depot,2025-01-07T07:31:00,arrival at delivery depot,2025-01-07T08:47:00,transit delay,2025-01-07T08:47:00,transit delay,,,,,,,,,,,,,,,,,,,,,,,,,,,,,,,,,,,,,,,,,,
67d7c10c380fe7c6439ee67e,H00FFA0003179467,6e28e500-05f1-4745-9878-e4952ac9afeb,2024-12-18T23:46:32,shipment manifested,2024-12-19T08:38:45,shipment dropped off awaiting carrier collection,2024-12-19T18:01:29,warehouse scan,2024-12-19T18:02:28,warehouse scan,2024-12-20T21:27:37,warehouse scan,2024-12-21T09:27:37,out for delivery,2024-12-21T10:59:56,delivery attempted. receiver not available for delivery,2024-12-22T21:25:20,new instructions received - we updated the delivery information for your package,2024-12-24T00:54:25,warehouse scan,2024-12-24T03:48:07,in transit,2024-12-24T08:34:32,out for delivery,2024-12-24T09:50:03,delivery rescheduled,2024-12-28T11:21:32,incomplete or incorrect delivery address. additional information or directions needed for delivery.,2024-12-28T16:33:29,transit delay,2024-12-28T23:14:58,warehouse scan,2024-12-29T09:54:51,out for delivery,2024-12-29T10:10:25,delivery rescheduled,2024-12-30T14:52:24,warehouse scan,2025-01-01T14:05:30,warehouse scan,2025-01-01T22:18:29,in transit,2025-01-02T08:56:59,out for delivery,2025-01-02T11:02:39,delivery rescheduled,2025-01-03T11:40:28,incomplete or incorrect delivery address. additional information or directions needed for delivery.,2025-01-03T14:14:47,transit delay,,,,,,,,,,,,,,,,,,,,,,,,,,,,,,,,,,,,,,,,
67d7c10c380fe7c6439efc19,1Z251V570490470150,0bb863db-1a5d-4688-8212-a842ab236726,2024-12-04T22:52:00,in transit,2024-12-05T00:06:00,in transit,2024-12-06T09:52:00,in transit,2024-12-06T13:25:16,awaiting release from customs,2024-12-06T18:33:00,in transit,2024-12-06T21:57:00,in transit,2024-12-07T06:26:00,in transit,2024-12-08T21:26:06,additional information required for customs clearance,2024-12-09T06:58:29,carrier to contact sender or receiver,2024-12-09T06:58:29,additional information required for customs clearance,2024-12-09T06:58:49,carrier to contact sender or receiver,2024-12-09T06:58:49,additional information required for customs clearance,2024-12-09T09:08:57,in transit,2024-12-10T04:02:53,warehouse scan,2024-12-11T04:27:59,warehouse scan,2024-12-20T04:37:09,warehouse scan,2024-12-23T00:30:07,package damaged and contents discarded,2024-12-23T00:30:07,additional information required for customs clearance,2024-12-23T00:30:07,package damaged and contents discarded,2024-12-23T00:30:07,package damaged and contents discarded,2024-12-23T00:30:07,additional information required for customs clearance,2024-12-23T00:30:08,package damaged and contents discarded,2024-12-23T00:30:08,additional information required for customs clearance,2024-12-23T00:30:08,package damaged and contents discarded,2024-12-23T00:30:08,additional information required for customs clearance,2024-12-23T03:14:17,warehouse scan,2024-12-23T03:14:17,warehouse scan,2025-01-07T06:03:46,transit delay,,,,,,,,,,,,,,,,,,,,,,,,,,,,,,,,
67d7c10c380fe7c6439f0043,1Z251V570490470150,0bb863db-1a5d-4688-8212-a842ab236726,2024-12-04T22:52:00,in transit,2024-12-05T00:06:00,in transit,2024-12-06T09:52:00,in transit,2024-12-06T13:25:16,awaiting release from customs,2024-12-06T18:33:00,in transit,2024-12-06T21:57:00,in transit,2024-12-07T06:26:00,in transit,2024-12-08T21:26:06,additional information required for customs clearance,2024-12-09T06:58:29,carrier to contact sender or receiver,2024-12-09T06:58:29,additional information required for customs clearance,2024-12-09T06:58:49,carrier to contact sender or receiver,2024-12-09T06:58:49,additional information required for customs clearance,2024-12-09T09:08:57,in transit,2024-12-10T04:02:53,warehouse scan,2024-12-11T04:27:59,warehouse scan,2024-12-20T04:37:09,warehouse scan,2024-12-23T00:30:07,package damaged and contents discarded,2024-12-23T00:30:07,additional information required for customs clearance,2024-12-23T00:30:07,package damaged and contents discarded,2024-12-23T00:30:07,package damaged and contents discarded,2024-12-23T00:30:07,additional information required for customs clearance,2024-12-23T00:30:08,package damaged and contents discarded,2024-12-23T00:30:08,additional information required for customs clearance,2024-12-23T00:30:08,package damaged and contents discarded,2024-12-23T00:30:08,additional information required for customs clearance,2024-12-23T03:14:17,warehouse scan,2024-12-23T03:14:17,warehouse scan,2025-01-07T06:03:46,transit delay,2025-01-07T06:03:46,transit delay,,,,,,,,,,,,,,,,,,,,,,,,,,,,,,
67d7c107380fe7c6439a9184,3268990712,5d0e294f-b483-4ba8-bd53-7f058427f35a,2024-12-29T12:28:00,shipment manifested,2024-12-30T13:09:00,shipment collected,2024-12-30T19:44:00,transit delay,,,,,,,,,,,,,,,,,,,,,,,,,,,,,,,,,,,,,,,,,,,,,,,,,,,,,,,,,,,,,,,,,,,,,,,,,,,,,,,,,,
67d7c107380fe7c6439a99e7,e270b94d-69b8-48ad-8921-4fe3582f6bc7-86490,5d0e294f-b483-4ba8-bd53-7f058427f35a,2025-01-05T10:55:00,shipment manifested,2025-01-06T13:51:00,shipment collected,2025-01-06T20:40:00,transit delay,,,,,,,,,,,,,,,,,,,,,,,,,,,,,,,,,,,,,,,,,,,,,,,,,,,,,,,,,,,,,,,,,,,,,,,,,,,,,,,,,,
67d7c107380fe7c6439a99f3,e270b94d-69b8-48ad-8921-4fe3582f6bc7-76950,5d0e294f-b483-4ba8-bd53-7f058427f35a,2025-01-05T10:55:00,shipment manifested,2025-01-06T13:51:00,shipment collected,2025-01-06T20:42:00,transit delay,,,,,,,,,,,,,,,,,,,,,,,,,,,,,,,,,,,,,,,,,,,,,,,,,,,,,,,,,,,,,,,,,,,,,,,,,,,,,,,,,,
67d7c107380fe7c6439a99fa,3739559269,5d0e294f-b483-4ba8-bd53-7f058427f35a,2025-01-05T10:55:00,shipment manifested,2025-01-06T13:51:00,shipment collected,2025-01-06T20:40:00,transit delay,,,,,,,,,,,,,,,,,,,,,,,,,,,,,,,,,,,,,,,,,,,,,,,,,,,,,,,,,,,,,,,,,,,,,,,,,,,,,,,,,,
67d7c107380fe7c6439a99fb,e270b94d-69b8-48ad-8921-4fe3582f6bc7-89956,5d0e294f-b483-4ba8-bd53-7f058427f35a,2025-01-05T10:55:00,shipment manifested,2025-01-06T13:51:00,shipment collected,2025-01-06T20:39:00,transit delay,,,,,,,,,,,,,,,,,,,,,,,,,,,,,,,,,,,,,,,,,,,,,,,,,,,,,,,,,,,,,,,,,,,,,,,,,,,,,,,,,,
67d7c107380fe7c6439a9a04,e270b94d-69b8-48ad-8921-4fe3582f6bc7-23718,5d0e294f-b483-4ba8-bd53-7f058427f35a,2025-01-05T10:55:00,shipment manifested,2025-01-06T13:51:00,shipment collected,2025-01-06T20:42:00,transit delay,,,,,,,,,,,,,,,,,,,,,,,,,,,,,,,,,,,,,,,,,,,,,,,,,,,,,,,,,,,,,,,,,,,,,,,,,,,,,,,,,,
67d7c107380fe7c6439a9b96,add11e4d-8d63-469e-a5ef-34acaf6b4e5e-88564,5d0e294f-b483-4ba8-bd53-7f058427f35a,2025-01-06T13:58:00,shipment manifested,2025-01-07T11:25:00,in transit,2025-01-08T11:01:00,transit delay,,,,,,,,,,,,,,,,,,,,,,,,,,,,,,,,,,,,,,,,,,,,,,,,,,,,,,,,,,,,,,,,,,,,,,,,,,,,,,,,,,
67d7c107380fe7c6439a9f9a,9aecf99d-2c2b-40d5-8916-8fb3313955b9-26979,5d0e294f-b483-4ba8-bd53-7f058427f35a,2025-01-09T15:24:00,shipment manifested,2025-01-10T13:49:00,shipment collected,2025-01-10T16:34:00,transit delay,,,,,,,,,,,,,,,,,,,,,,,,,,,,,,,,,,,,,,,,,,,,,,,,,,,,,,,,,,,,,,,,,,,,,,,,,,,,,,,,,,
67d7c107380fe7c6439a9fc9,3923160444,5d0e294f-b483-4ba8-bd53-7f058427f35a,2025-01-09T15:24:00,shipment manifested,2025-01-10T13:49:00,shipment collected,2025-01-10T16:34:00,transit delay,,,,,,,,,,,,,,,,,,,,,,,,,,,,,,,,,,,,,,,,,,,,,,,,,,,,,,,,,,,,,,,,,,,,,,,,,,,,,,,,,,
67d7c107380fe7c6439a9fcc,9aecf99d-2c2b-40d5-8916-8fb3313955b9-20165,5d0e294f-b483-4ba8-bd53-7f058427f35a,2025-01-09T15:24:00,shipment manifested,2025-01-10T13:49:00,shipment collected,2025-01-10T16:33:00,transit delay,,,,,,,,,,,,,,,,,,,,,,,,,,,,,,,,,,,,,,,,,,,,,,,,,,,,,,,,,,,,,,,,,,,,,,,,,,,,,,,,,,
67d7c10c380fe7c6439f0a85,1Z61A84F6807379531,0bb863db-1a5d-4688-8212-a842ab236726,2024-12-15T17:32:32,shipment manifested,2024-12-16T12:35:24,shipment collected,2024-12-16T17:43:22,in transit,2024-12-16T18:30:00,in transit,2024-12-17T06:39:00,in transit,2024-12-17T07:20:04,export scan,2024-12-17T10:00:00,carrier error delayed delivery,2024-12-17T10:00:00,in transit,2024-12-18T08:37:00,in transit,2024-12-18T18:37:00,in transit,2024-12-19T12:38:43,in transit,2024-12-30T07:05:39,warehouse scan,2024-12-30T18:03:16,in transit,2024-12-31T15:06:59,internal activity scan,2024-12-31T15:06:59,additional information required for customs clearance,2024-12-31T15:19:00,released by customs. clearance complete.,2024-12-31T15:19:17,held awaiting tax payment by the receiver,2024-12-31T15:19:19,held awaiting tax payment by the receiver,2025-01-02T06:53:16,warehouse scan,2025-01-02T18:50:58,in transit,2025-01-02T18:50:58,in transit,2025-01-02T23:05:00,in transit,2025-01-02T23:05:00,in transit,2025-01-03T02:51:00,in transit,2025-01-03T05:00:00,in transit,2025-01-03T05:06:00,in transit,2025-01-03T05:06:00,in transit,2025-01-03T08:46:37,out for delivery,2025-01-03T08:46:37,out for delivery,2025-01-03T10:43:04,package on hold for delivery,2025-01-03T10:43:04,package on hold for delivery,2025-01-03T16:28:48,transit delay,,,,,,,,,,,,,,,,,,,,,,,,
67d7c10c380fe7c6439f0cc2,1Z61A84F6807379531,0bb863db-1a5d-4688-8212-a842ab236726,2024-12-15T17:32:32,shipment manifested,2024-12-16T12:35:24,shipment collected,2024-12-16T17:43:22,in transit,2024-12-16T18:30:00,in transit,2024-12-17T06:39:00,in transit,2024-12-17T07:20:04,export scan,2024-12-17T10:00:00,carrier error delayed delivery,2024-12-17T10:00:00,in transit,2024-12-18T08:37:00,in transit,2024-12-18T18:37:00,in transit,2024-12-19T12:38:43,in transit,2024-12-30T07:05:39,warehouse scan,2024-12-30T18:03:16,in transit,2024-12-31T15:06:59,internal activity scan,2024-12-31T15:06:59,additional information required for customs clearance,2024-12-31T15:19:00,released by customs. clearance complete.,2024-12-31T15:19:17,held awaiting tax payment by the receiver,2024-12-31T15:19:19,held awaiting tax payment by the receiver,2025-01-02T06:53:16,warehouse scan,2025-01-02T18:50:58,in transit,2025-01-02T18:50:58,in transit,2025-01-02T23:05:00,in transit,2025-01-02T23:05:00,in transit,2025-01-03T02:51:00,in transit,2025-01-03T05:00:00,in transit,2025-01-03T05:06:00,in transit,2025-01-03T05:06:00,in transit,2025-01-03T08:46:37,out for delivery,2025-01-03T08:46:37,out for delivery,2025-01-03T10:43:04,package on hold for delivery,2025-01-03T10:43:04,package on hold for delivery,2025-01-03T16:28:48,transit delay,2025-01-03T16:28:48,transit delay,,,,,,,,,,,,,,,,,,,,,,
67d7c107380fe7c6439b002e,85acf60f-5b90-4ddd-8f2a-0e9f0288f628-38732,5d0e294f-b483-4ba8-bd53-7f058427f35a,2024-12-30T11:26:00,shipment manifested,2024-12-31T14:02:00,shipment collected,2024-12-31T16:54:00,shipment on hold,2025-01-02T11:35:00,transit delay,,,,,,,,,,,,,,,,,,,,,,,,,,,,,,,,,,,,,,,,,,,,,,,,,,,,,,,,,,,,,,,,,,,,,,,,,,,,,,,,
67d7c107380fe7c6439b003b,85acf60f-5b90-4ddd-8f2a-0e9f0288f628-11667,5d0e294f-b483-4ba8-bd53-7f058427f35a,2024-12-30T11:26:00,shipment manifested,2024-12-31T14:02:00,shipment collected,2024-12-31T16:50:00,shipment on hold,2025-01-02T11:35:00,transit delay,,,,,,,,,,,,,,,,,,,,,,,,,,,,,,,,,,,,,,,,,,,,,,,,,,,,,,,,,,,,,,,,,,,,,,,,,,,,,,,,
67d7c107380fe7c6439b1100,9732510444,5d0e294f-b483-4ba8-bd53-7f058427f35a,2024-10-19T18:27:00,shipment manifested,2024-10-19T18:31:00,delivery to alternative address requested,2024-10-21T17:32:00,in transit,2024-10-22T10:30:00,transit delay,,,,,,,,,,,,,,,,,,,,,,,,,,,,,,,,,,,,,,,,,,,,,,,,,,,,,,,,,,,,,,,,,,,,,,,,,,,,,,,,
67d7c107380fe7c6439b1ade,9729572515,5d0e294f-b483-4ba8-bd53-7f058427f35a,2024-10-14T07:24:00,shipment manifested,2024-10-15T14:23:00,shipment collected,2024-10-16T02:16:00,transit delay,2024-10-16T03:49:00,transit delay,,,,,,,,,,,,,,,,,,,,,,,,,,,,,,,,,,,,,,,,,,,,,,,,,,,,,,,,,,,,,,,,,,,,,,,,,,,,,,,,
67d7c107380fe7c6439b2460,277822ab-bc21-435e-abfb-2d649de18b50-26150,5d0e294f-b483-4ba8-bd53-7f058427f35a,2025-01-06T16:36:00,shipment manifested,2025-01-08T10:21:00,shipment collected,2025-01-09T10:30:00,transit delay,2025-01-09T12:32:00,transit delay,,,,,,,,,,,,,,,,,,,,,,,,,,,,,,,,,,,,,,,,,,,,,,,,,,,,,,,,,,,,,,,,,,,,,,,,,,,,,,,,
67d7c107380fe7c6439b27c1,3891037125,5d0e294f-b483-4ba8-bd53-7f058427f35a,2025-01-06T16:36:00,shipment manifested,2025-01-08T10:21:00,shipment collected,2025-01-09T10:30:00,transit delay,2025-01-09T12:32:00,transit delay,,,,,,,,,,,,,,,,,,,,,,,,,,,,,,,,,,,,,,,,,,,,,,,,,,,,,,,,,,,,,,,,,,,,,,,,,,,,,,,,
67d7c107380fe7c6439b298b,9737503706,5d0e294f-b483-4ba8-bd53-7f058427f35a,2024-10-26T10:21:00,shipment manifested,2024-10-28T12:54:00,in transit,2024-10-28T12:58:00,shipment collected,2024-10-29T11:01:00,transit delay,,,,,,,,,,,,,,,,,,,,,,,,,,,,,,,,,,,,,,,,,,,,,,,,,,,,,,,,,,,,,,,,,,,,,,,,,,,,,,,,
67d7c107380fe7c6439b2992,836f27ff-448e-4129-bc28-18d31ae6cfb9-50730,5d0e294f-b483-4ba8-bd53-7f058427f35a,2024-12-17T20:13:00,shipment manifested,2024-12-17T20:16:00,customs clearance error,2024-12-18T17:44:00,transit delay,2024-12-18T22:53:00,transit delay,,,,,,,,,,,,,,,,,,,,,,,,,,,,,,,,,,,,,,,,,,,,,,,,,,,,,,,,,,,,,,,,,,,,,,,,,,,,,,,,
67d7c107380fe7c6439b29e9,836f27ff-448e-4129-bc28-18d31ae6cfb9-76719,5d0e294f-b483-4ba8-bd53-7f058427f35a,2024-12-17T20:13:00,shipment manifested,2024-12-17T20:16:00,customs clearance error,2024-12-18T17:45:00,transit delay,2024-12-18T22:53:00,transit delay,,,,,,,,,,,,,,,,,,,,,,,,,,,,,,,,,,,,,,,,,,,,,,,,,,,,,,,,,,,,,,,,,,,,,,,,,,,,,,,,
67d7c107380fe7c6439b2ace,3c62959b-e9a1-4248-89a5-fcca11fceaab-46049,5d0e294f-b483-4ba8-bd53-7f058427f35a,2024-10-23T20:29:00,shipment manifested,2024-10-25T15:31:00,shipment collected,2024-10-25T18:57:00,in transit,2024-10-28T10:30:00,transit delay,,,,,,,,,,,,,,,,,,,,,,,,,,,,,,,,,,,,,,,,,,,,,,,,,,,,,,,,,,,,,,,,,,,,,,,,,,,,,,,,
67d7c10c380fe7c6439f17b7,1Z61A84F6831344684,0bb863db-1a5d-4688-8212-a842ab236726,2024-11-15T08:44:00,in transit,2024-11-15T17:51:00,in transit,2024-11-17T23:59:00,in transit,2024-11-18T07:00:00,carrier error delayed delivery,2024-11-18T07:00:00,package was cleared after the scheduled departure. expect a 1 business day delay,2024-11-19T08:01:37,warehouse scan,2024-11-20T07:54:41,warehouse scan,2024-12-10T08:05:37,warehouse scan,2024-12-16T07:38:55,warehouse scan,2024-12-17T08:11:43,warehouse scan,2024-12-20T08:10:03,warehouse scan,2024-12-23T07:51:22,warehouse scan,2024-12-23T07:51:22,warehouse scan,2024-12-23T10:39:40,additional information required for customs clearance,2024-12-23T10:39:40,internal activity scan,2024-12-23T10:39:40,additional information required for customs clearance,2024-12-23T10:39:40,internal activity scan,2024-12-24T07:51:22,warehouse scan,2024-12-24T07:51:22,warehouse scan,2024-12-24T12:34:13,additional information required for customs clearance,2024-12-24T12:34:13,awaiting release from customs,2024-12-24T12:34:13,internal activity scan,2024-12-24T12:34:13,additional information required for customs clearance,2024-12-24T12:34:13,awaiting release from customs,2024-12-24T12:34:13,internal activity scan,2024-12-24T12:34:13,additional information required for customs clearance,2024-12-24T12:34:42,awaiting release from customs,2024-12-24T12:34:42,awaiting release from customs,2024-12-24T12:34:42,awaiting release from customs,2024-12-27T20:44:00,in transit,2024-12-27T20:44:00,in transit,2024-12-27T20:44:00,in transit,2024-12-30T05:00:00,in transit,2024-12-30T05:00:00,in transit,2024-12-30T05:00:00,in transit,2024-12-30T15:07:44,1st delivery attempt. receiver not available.,2024-12-30T15:07:44,1st delivery attempt. receiver not available.,2024-12-30T15:07:44,1st delivery attempt. receiver not available.,2024-12-30T17:58:20,package on hold for delivery,2024-12-30T17:58:20,package on hold for delivery,2024-12-30T17:58:20,package on hold for delivery,2024-12-30T20:55:26,transit delay,,,,
67d7c10c380fe7c6439f1862,1Z61A84F6831344684,0bb863db-1a5d-4688-8212-a842ab236726,2024-11-15T08:44:00,in transit,2024-11-15T17:51:00,in transit,2024-11-17T23:59:00,in transit,2024-11-18T07:00:00,carrier error delayed delivery,2024-11-18T07:00:00,package was cleared after the scheduled departure. expect a 1 business day delay,2024-11-19T08:01:37,warehouse scan,2024-11-20T07:54:41,warehouse scan,2024-12-10T08:05:37,warehouse scan,2024-12-16T07:38:55,warehouse scan,2024-12-17T08:11:43,warehouse scan,2024-12-20T08:10:03,warehouse scan,2024-12-23T07:51:22,warehouse scan,2024-12-23T07:51:22,warehouse scan,2024-12-23T10:39:40,additional information required for customs clearance,2024-12-23T10:39:40,internal activity scan,2024-12-23T10:39:40,additional information required for customs clearance,2024-12-23T10:39:40,internal activity scan,2024-12-24T07:51:22,warehouse scan,2024-12-24T07:51:22,warehouse scan,2024-12-24T12:34:13,additional information required for customs clearance,2024-12-24T12:34:13,awaiting release from customs,2024-12-24T12:34:13,internal activity scan,2024-12-24T12:34:13,additional information required for customs clearance,2024-12-24T12:34:13,awaiting release from customs,2024-12-24T12:34:13,internal activity scan,2024-12-24T12:34:13,additional information required for customs clearance,2024-12-24T12:34:42,awaiting release from customs,2024-12-24T12:34:42,awaiting release from customs,2024-12-24T12:34:42,awaiting release from customs,2024-12-27T20:44:00,in transit,2024-12-27T20:44:00,in transit,2024-12-27T20:44:00,in transit,2024-12-30T05:00:00,in transit,2024-12-30T05:00:00,in transit,2024-12-30T05:00:00,in transit,2024-12-30T15:07:44,1st delivery attempt. receiver not available.,2024-12-30T15:07:44,1st delivery attempt. receiver not available.,2024-12-30T15:07:44,1st delivery attempt. receiver not available.,2024-12-30T17:58:20,package on hold for delivery,2024-12-30T17:58:20,package on hold for delivery,2024-12-30T17:58:20,package on hold for delivery,2024-12-30T20:55:26,transit delay,2024-12-30T20:55:26,transit delay,,
67d7c10c380fe7c6439f1900,1Z61A84F6831344684,0bb863db-1a5d-4688-8212-a842ab236726,2024-11-15T08:44:00,in transit,2024-11-15T17:51:00,in transit,2024-11-17T23:59:00,in transit,2024-11-18T07:00:00,carrier error delayed delivery,2024-11-18T07:00:00,package was cleared after the scheduled departure. expect a 1 business day delay,2024-11-19T08:01:37,warehouse scan,2024-11-20T07:54:41,warehouse scan,2024-12-10T08:05:37,warehouse scan,2024-12-16T07:38:55,warehouse scan,2024-12-17T08:11:43,warehouse scan,2024-12-20T08:10:03,warehouse scan,2024-12-23T07:51:22,warehouse scan,2024-12-23T07:51:22,warehouse scan,2024-12-23T10:39:40,additional information required for customs clearance,2024-12-23T10:39:40,internal activity scan,2024-12-23T10:39:40,additional information required for customs clearance,2024-12-23T10:39:40,internal activity scan,2024-12-24T07:51:22,warehouse scan,2024-12-24T07:51:22,warehouse scan,2024-12-24T12:34:13,additional information required for customs clearance,2024-12-24T12:34:13,awaiting release from customs,2024-12-24T12:34:13,internal activity scan,2024-12-24T12:34:13,additional information required for customs clearance,2024-12-24T12:34:13,awaiting release from customs,2024-12-24T12:34:13,internal activity scan,2024-12-24T12:34:13,additional information required for customs clearance,2024-12-24T12:34:42,awaiting release from customs,2024-12-24T12:34:42,awaiting release from customs,2024-12-24T12:34:42,awaiting release from customs,2024-12-27T20:44:00,in transit,2024-12-27T20:44:00,in transit,2024-12-27T20:44:00,in transit,2024-12-30T05:00:00,in transit,2024-12-30T05:00:00,in transit,2024-12-30T05:00:00,in transit,2024-12-30T15:07:44,1st delivery attempt. receiver not available.,2024-12-30T15:07:44,1st delivery attempt. receiver not available.,2024-12-30T15:07:44,1st delivery attempt. receiver not available.,2024-12-30T17:58:20,package on hold for delivery,2024-12-30T17:58:20,package on hold for delivery,2024-12-30T17:58:20,package on hold for delivery,2024-12-30T20:55:26,transit delay,2024-12-30T20:55:26,transit delay,2024-12-30T20:55:26,transit delay
67d7c107380fe7c6439b745f,f3debb1c-fd39-4b51-bbc4-28c24d1dbd55-87686,5d0e294f-b483-4ba8-bd53-7f058427f35a,2025-01-05T22:12:00,shipment manifested,2025-01-07T16:24:00,shipment collected,2025-01-08T11:56:00,in transit,2025-01-09T02:40:00,in transit,2025-01-09T02:44:00,transit delay,,,,,,,,,,,,,,,,,,,,,,,,,,,,,,,,,,,,,,,,,,,,,,,,,,,,,,,,,,,,,,,,,,,,,,,,,,,,,,
67d7c107380fe7c6439b84f0,9729572515,5d0e294f-b483-4ba8-bd53-7f058427f35a,2024-10-14T07:24:00,shipment manifested,2024-10-15T14:23:00,shipment collected,2024-10-16T02:16:00,transit delay,2024-10-16T03:49:00,transit delay,2024-10-16T12:19:00,transit delay,,,,,,,,,,,,,,,,,,,,,,,,,,,,,,,,,,,,,,,,,,,,,,,,,,,,,,,,,,,,,,,,,,,,,,,,,,,,,,
67d7c107380fe7c6439b9392,836f27ff-448e-4129-bc28-18d31ae6cfb9-50730,5d0e294f-b483-4ba8-bd53-7f058427f35a,2024-12-17T20:13:00,shipment manifested,2024-12-17T20:16:00,customs clearance error,2024-12-18T17:44:00,transit delay,2024-12-18T22:53:00,transit delay,2024-12-19T11:41:00,transit delay,,,,,,,,,,,,,,,,,,,,,,,,,,,,,,,,,,,,,,,,,,,,,,,,,,,,,,,,,,,,,,,,,,,,,,,,,,,,,,
67d7c107380fe7c6439b93e8,836f27ff-448e-4129-bc28-18d31ae6cfb9-76719,5d0e294f-b483-4ba8-bd53-7f058427f35a,2024-12-17T20:13:00,shipment manifested,2024-12-17T20:16:00,customs clearance error,2024-12-18T17:45:00,transit delay,2024-12-18T22:53:00,transit delay,2024-12-19T04:47:00,transit delay,,,,,,,,,,,,,,,,,,,,,,,,,,,,,,,,,,,,,,,,,,,,,,,,,,,,,,,,,,,,,,,,,,,,,,,,,,,,,,
67d7c107380fe7c6439ba248,3972159719,5d0e294f-b483-4ba8-bd53-7f058427f35a,2025-01-13T20:15:00,shipment manifested,2025-01-14T11:05:00,shipment collected,2025-01-14T16:45:00,in transit,2025-01-14T19:34:00,in transit,2025-01-15T11:01:00,transit delay,,,,,,,,,,,,,,,,,,,,,,,,,,,,,,,,,,,,,,,,,,,,,,,,,,,,,,,,,,,,,,,,,,,,,,,,,,,,,,
67d7c107380fe7c6439ba7ac,a7868487-a0d5-495e-99ad-d87a052685ad-96437,5d0e294f-b483-4ba8-bd53-7f058427f35a,2025-01-14T15:47:00,shipment manifested,2025-01-16T13:34:00,in transit,2025-01-16T13:35:00,shipment collected,2025-01-16T20:38:00,in transit,2025-01-16T20:39:00,transit delay,,,,,,,,,,,,,,,,,,,,,,,,,,,,,,,,,,,,,,,,,,,,,,,,,,,,,,,,,,,,,,,,,,,,,,,,,,,,,,
67d7c107380fe7c6439bacc6,3700599400,5d0e294f-b483-4ba8-bd53-7f058427f35a,2025-01-01T19:25:00,shipment manifested,2025-01-02T11:49:00,shipment dropped off awaiting carrier collection,2025-01-03T16:52:00,shipment collected,2025-01-03T18:52:00,in transit,2025-01-04T09:00:00,transit delay,,,,,,,,,,,,,,,,,,,,,,,,,,,,,,,,,,,,,,,,,,,,,,,,,,,,,,,,,,,,,,,,,,,,,,,,,,,,,,
67d7c107380fe7c6439badb4,ff88878b-16a9-4e4f-9937-b6dcea5012b8-23358,5d0e294f-b483-4ba8-bd53-7f058427f35a,2025-01-01T19:25:00,shipment manifested,2025-01-02T11:49:00,shipment dropped off awaiting carrier collection,2025-01-03T16:52:00,shipment collected,2025-01-03T18:52:00,in transit,2025-01-04T09:00:00,transit delay,,,,,,,,,,,,,,,,,,,,,,,,,,,,,,,,,,,,,,,,,,,,,,,,,,,,,,,,,,,,,,,,,,,,,,,,,,,,,,
67d7c107380fe7c6439baf79,0fe46ea7-995a-40d0-815a-76fe8fa95cc2-55662,5d0e294f-b483-4ba8-bd53-7f058427f35a,2024-10-14T07:24:00,shipment manifested,2024-10-15T14:23:00,shipment collected,2024-10-16T02:16:00,transit delay,2024-10-16T03:49:00,transit delay,2024-10-16T12:19:00,transit delay,,,,,,,,,,,,,,,,,,,,,,,,,,,,,,,,,,,,,,,,,,,,,,,,,,,,,,,,,,,,,,,,,,,,,,,,,,,,,,
67d7c107380fe7c6439bb3b8,0b946b3e-6ab8-4d6a-92c9-e6dd438ba2b9-44240,5d0e294f-b483-4ba8-bd53-7f058427f35a,2024-10-18T11:48:00,shipment manifested,2024-10-18T11:50:00,customs clearance error,2024-10-21T12:07:00,shipment collected,2024-10-21T18:41:00,in transit,2024-10-22T01:34:00,transit delay,,,,,,,,,,,,,,,,,,,,,,,,,,,,,,,,,,,,,,,,,,,,,,,,,,,,,,,,,,,,,,,,,,,,,,,,,,,,,,
67d7c108380fe7c6439bcff7,TI5740043,66bdc51d-a6ec-4c82-8b6d-ae07fb619028,2025-01-02T13:13:00,in transit,2025-01-02T13:13:00,shipment collected,2025-01-02T15:22:00,in transit,2025-01-02T18:06:51,shipment manifested,2025-01-03T02:54:00,warehouse scan,2025-01-03T10:38:00,transit delay,,,,,,,,,,,,,,,,,,,,,,,,,,,,,,,,,,,,,,,,,,,,,,,,,,,,,,,,,,,,,,,,,,,,,,,,,,,,
67d7c108380fe7c6439bd0d5,H00FFA0003193885,6e28e500-05f1-4745-9878-e4952ac9afeb,2025-01-04T14:19:25,shipment manifested,2025-01-04T16:32:15,shipment dropped off awaiting carrier collection,2025-01-07T04:10:00,warehouse scan,2025-01-07T04:11:00,warehouse scan,2025-01-07T19:11:20,inspection of damaged contents scheduled,2025-01-07T19:12:52,transit delay,,,,,,,,,,,,,,,,,,,,,,,,,,,,,,,,,,,,,,,,,,,,,,,,,,,,,,,,,,,,,,,,,,,,,,,,,,,,
67d7c108380fe7c6439bd8f9,TI7180151,66bdc51d-a6ec-4c82-8b6d-ae07fb619028,2025-01-06T08:14:02,shipment manifested,2025-01-06T14:13:00,in transit,2025-01-06T14:13:00,shipment collected,2025-01-06T16:57:00,in transit,2025-01-07T08:24:00,in transit,2025-01-07T10:38:00,transit delay,,,,,,,,,,,,,,,,,,,,,,,,,,,,,,,,,,,,,,,,,,,,,,,,,,,,,,,,,,,,,,,,,,,,,,,,,,,,
67d7c108380fe7c6439bdada,TI7840781,66bdc51d-a6ec-4c82-8b6d-ae07fb619028,2025-01-07T14:18:00,in transit,2025-01-07T14:18:00,shipment collected,2025-01-07T15:08:39,shipment manifested,2025-01-07T17:28:00,in transit,2025-01-08T03:37:33,in transit,2025-01-08T11:08:00,transit delay,,,,,,,,,,,,,,,,,,,,,,,,,,,,,,,,,,,,,,,,,,,,,,,,,,,,,,,,,,,,,,,,,,,,,,,,,,,,
67d7c108380fe7c6439bdaea,TI7840248,66bdc51d-a6ec-4c82-8b6d-ae07fb619028,2025-01-07T12:11:00,in transit,2025-01-07T12:11:00,shipment collected,2025-01-07T15:08:38,shipment manifested,2025-01-07T19:21:00,in transit,2025-01-07T21:49:57,in transit,2025-01-08T11:08:00,transit delay,,,,,,,,,,,,,,,,,,,,,,,,,,,,,,,,,,,,,,,,,,,,,,,,,,,,,,,,,,,,,,,,,,,,,,,,,,,,
67d7c108380fe7c6439be77d,CB1925974,66bdc51d-a6ec-4c82-8b6d-ae07fb619028,2025-01-15T13:04:00,in transit,2025-01-15T13:04:00,shipment collected,2025-01-15T16:58:00,in transit,2025-01-15T18:19:31,shipment manifested,2025-01-16T02:36:00,warehouse scan,2025-01-16T10:33:00,transit delay,,,,,,,,,,,,,,,,,,,,,,,,,,,,,,,,,,,,,,,,,,,,,,,,,,,,,,,,,,,,,,,,,,,,,,,,,,,,
67d7c108380fe7c6439bec59,TI7147990,66bdc51d-a6ec-4c82-8b6d-ae07fb619028,2025-01-06T12:08:00,in transit,2025-01-06T12:08:00,shipment collected,2025-01-06T16:59:11,shipment manifested,2025-01-06T19:49:00,in transit,2025-01-07T08:19:00,in transit,2025-01-07T10:38:00,transit delay,,,,,,,,,,,,,,,,,,,,,,,,,,,,,,,,,,,,,,,,,,,,,,,,,,,,,,,,,,,,,,,,,,,,,,,,,,,,
67d7c108380fe7c6439bfaec,3037539204,5d0e294f-b483-4ba8-bd53-7f058427f35a,2024-12-15T11:38:00,shipment manifested,2024-12-19T16:02:00,shipment dropped off awaiting carrier collection,2024-12-21T14:23:00,shipment collected,2024-12-21T15:39:00,in transit,2024-12-21T15:39:00,warehouse scan,2024-12-22T09:00:00,transit delay,,,,,,,,,,,,,,,,,,,,,,,,,,,,,,,,,,,,,,,,,,,,,,,,,,,,,,,,,,,,,,,,,,,,,,,,,,,,
67d7c108380fe7c6439bfb2e,9871f2cd-beaa-4c3f-969e-c249ca9c1c36-40339,5d0e294f-b483-4ba8-bd53-7f058427f35a,2024-12-15T11:38:00,shipment manifested,2024-12-19T16:02:00,shipment dropped off awaiting carrier collection,2024-12-21T14:23:00,shipment collected,2024-12-21T15:39:00,in transit,2024-12-21T15:39:00,warehouse scan,2024-12-22T09:00:00,transit delay,,,,,,,,,,,,,,,,,,,,,,,,,,,,,,,,,,,,,,,,,,,,,,,,,,,,,,,,,,,,,,,,,,,,,,,,,,,,
67d7c108380fe7c6439bfc8f,TI7851395,66bdc51d-a6ec-4c82-8b6d-ae07fb619028,2025-01-07T12:11:00,in transit,2025-01-07T12:11:00,shipment collected,2025-01-07T15:18:29,shipment manifested,2025-01-07T19:21:00,in transit,2025-01-07T21:49:42,in transit,2025-01-08T11:08:00,transit delay,,,,,,,,,,,,,,,,,,,,,,,,,,,,,,,,,,,,,,,,,,,,,,,,,,,,,,,,,,,,,,,,,,,,,,,,,,,,
67d7c108380fe7c6439c4464,TI5487752,66bdc51d-a6ec-4c82-8b6d-ae07fb619028,2024-12-31T00:00:00,shipment manifested,2025-01-02T15:20:00,in transit,2025-01-02T15:20:00,shipment collected,2025-01-02T15:21:14,shipment collected,2025-01-02T18:40:00,in transit,2025-01-03T09:58:00,warehouse scan,2025-01-03T10:38:00,transit delay,,,,,,,,,,,,,,,,,,,,,,,,,,,,,,,,,,,,,,,,,,,,,,,,,,,,,,,,,,,,,,,,,,,,,,,,,,
67d7c108380fe7c6439c6544,836f27ff-448e-4129-bc28-18d31ae6cfb9-76719,5d0e294f-b483-4ba8-bd53-7f058427f35a,2024-12-17T20:13:00,shipment manifested,2024-12-17T20:16:00,customs clearance error,2024-12-18T17:45:00,transit delay,2024-12-18T22:53:00,transit delay,2024-12-19T04:47:00,transit delay,2024-12-19T11:39:00,package relabelled,2024-12-19T11:40:00,transit delay,,,,,,,,,,,,,,,,,,,,,,,,,,,,,,,,,,,,,,,,,,,,,,,,,,,,,,,,,,,,,,,,,,,,,,,,,,
67d7c108380fe7c6439c83bc,0b946b3e-6ab8-4d6a-92c9-e6dd438ba2b9-44240,5d0e294f-b483-4ba8-bd53-7f058427f35a,2024-10-18T11:48:00,shipment manifested,2024-10-18T11:50:00,customs clearance error,2024-10-21T12:07:00,shipment collected,2024-10-21T18:41:00,in transit,2024-10-22T01:34:00,transit delay,2024-10-22T01:35:00,transit delay,2024-10-22T14:27:00,transit delay,,,,,,,,,,,,,,,,,,,,,,,,,,,,,,,,,,,,,,,,,,,,,,,,,,,,,,,,,,,,,,,,,,,,,,,,,,
67d7c108380fe7c6439c8415,9732278374,5d0e294f-b483-4ba8-bd53-7f058427f35a,2024-10-18T11:48:00,shipment manifested,2024-10-18T11:50:00,customs clearance error,2024-10-21T12:07:00,shipment collected,2024-10-21T18:41:00,in transit,2024-10-22T01:34:00,transit delay,2024-10-22T01:35:00,transit delay,2024-10-22T14:27:00,transit delay,,,,,,,,,,,,,,,,,,,,,,,,,,,,,,,,,,,,,,,,,,,,,,,,,,,,,,,,,,,,,,,,,,,,,,,,,,
67d7c108380fe7c6439c8907,6d543c7e-cda1-40b7-b1f6-a7980ed01c9d-17479,01f30ac3-4496-408f-b1b0-dc6ed4a36006,2024-12-24T20:45:07,warehouse scan,2024-12-24T21:15:05,in transit,2024-12-24T22:30:10,in transit,2024-12-25T00:00:06,warehouse scan,2024-12-27T04:15:11,in transit,2024-12-27T19:15:02,warehouse scan,2024-12-27T22:45:05,transit delay,,,,,,,,,,,,,,,,,,,,,,,,,,,,,,,,,,,,,,,,,,,,,,,,,,,,,,,,,,,,,,,,,,,,,,,,,,
67d7c109380fe7c6439cac1e,TI5744875,66bdc51d-a6ec-4c82-8b6d-ae07fb619028,2025-01-02T13:58:00,in transit,2025-01-02T13:58:00,shipment collected,2025-01-02T15:08:00,in transit,2025-01-02T21:14:20,shipment manifested,2025-01-03T07:57:00,warehouse scan,2025-01-03T09:31:54,delivery attempted,2025-01-03T09:31:54,incomplete or incorrect delivery address. additional information or directions needed for delivery.,2025-01-03T10:38:00,transit delay,,,,,,,,,,,,,,,,,,,,,,,,,,,,,,,,,,,,,,,,,,,,,,,,,,,,,,,,,,,,,,,,,,,,,,,,
67d7c109380fe7c6439cb2a2,8c1a556c-ff86-4b10-9933-cd8d498e6072-73715,5d0e294f-b483-4ba8-bd53-7f058427f35a,2025-01-15T15:32:00,shipment manifested,2025-01-16T15:07:00,shipment collected,2025-01-16T17:40:00,in transit,2025-01-16T23:14:00,warehouse scan,2025-01-17T04:33:00,in transit,2025-01-17T04:40:00,in transit,2025-01-17T07:34:00,out for delivery,2025-01-17T10:00:00,transit delay,,,,,,,,,,,,,,,,,,,,,,,,,,,,,,,,,,,,,,,,,,,,,,,,,,,,,,,,,,,,,,,,,,,,,,,,
67d7c109380fe7c6439cb2a5,3972830797,5d0e294f-b483-4ba8-bd53-7f058427f35a,2025-01-15T15:32:00,shipment manifested,2025-01-16T15:07:00,shipment collected,2025-01-16T17:40:00,in transit,2025-01-16T23:14:00,warehouse scan,2025-01-17T04:33:00,in transit,2025-01-17T04:40:00,in transit,2025-01-17T07:34:00,out for delivery,2025-01-17T10:00:00,transit delay,,,,,,,,,,,,,,,,,,,,,,,,,,,,,,,,,,,,,,,,,,,,,,,,,,,,,,,,,,,,,,,,,,,,,,,,
67d7c109380fe7c6439cb406,157ff7a5-c7ba-421d-8519-c433aa05bedb-61927,01f30ac3-4496-408f-b1b0-dc6ed4a36006,2025-01-05T23:01:52,shipment manifested,2025-01-06T11:00:14,in transit,2025-01-07T20:00:09,scheduled for delivery,2025-01-07T20:00:09,warehouse scan,2025-01-08T21:45:04,in transit,2025-01-09T05:45:04,in transit,2025-01-09T12:15:18,warehouse scan,2025-01-09T16:30:18,transit delay,,,,,,,,,,,,,,,,,,,,,,,,,,,,,,,,,,,,,,,,,,,,,,,,,,,,,,,,,,,,,,,,,,,,,,,,
67d7c109380fe7c6439cc302,ee98eb89-8846-4d86-b4c3-3520e0d32c57-49981,5d0e294f-b483-4ba8-bd53-7f058427f35a,2024-12-06T13:05:00,shipment manifested,2024-12-09T14:09:00,shipment collected,2024-12-09T19:04:00,in transit,2024-12-10T02:48:00,warehouse scan,2024-12-10T05:07:00,warehouse scan,2024-12-10T06:30:00,in transit,2024-12-10T07:40:00,additional information required for customs clearance,2024-12-11T10:00:00,transit delay,,,,,,,,,,,,,,,,,,,,,,,,,,,,,,,,,,,,,,,,,,,,,,,,,,,,,,,,,,,,,,,,,,,,,,,,
67d7c109380fe7c6439cc304,2875704619,5d0e294f-b483-4ba8-bd53-7f058427f35a,2024-12-06T13:05:00,shipment manifested,2024-12-09T14:09:00,shipment collected,2024-12-09T19:04:00,in transit,2024-12-10T02:48:00,warehouse scan,2024-12-10T05:07:00,warehouse scan,2024-12-10T06:30:00,in transit,2024-12-10T07:40:00,additional information required for customs clearance,2024-12-11T10:00:00,transit delay,,,,,,,,,,,,,,,,,,,,,,,,,,,,,,,,,,,,,,,,,,,,,,,,,,,,,,,,,,,,,,,,,,,,,,,,
67d7c109380fe7c6439cc775,H00FFA0003098100,6e28e500-05f1-4745-9878-e4952ac9afeb,2024-10-24T08:22:53,shipment manifested,2024-10-24T08:57:01,shipment dropped off awaiting carrier collection,2024-10-24T14:36:52,shipment collected,2024-10-24T17:16:04,warehouse scan,2024-10-25T00:49:23,warehouse scan,2024-10-25T04:43:45,warehouse scan,2024-10-31T15:56:05,incomplete or incorrect delivery address. additional information or directions needed for delivery.,2024-10-31T15:56:25,transit delay,,,,,,,,,,,,,,,,,,,,,,,,,,,,,,,,,,,,,,,,,,,,,,,,,,,,,,,,,,,,,,,,,,,,,,,,
67d7c109380fe7c6439cd2d5,3235520142,5d0e294f-b483-4ba8-bd53-7f058427f35a,2024-12-19T22:57:00,shipment manifested,2024-12-20T13:42:00,shipment dropped off awaiting carrier collection,2024-12-21T15:44:00,shipment collected,2024-12-21T18:04:00,in transit,2024-12-21T18:04:00,warehouse scan,2024-12-22T05:09:00,warehouse scan,2024-12-22T07:17:00,warehouse scan,2024-12-22T09:00:00,transit delay,,,,,,,,,,,,,,,,,,,,,,,,,,,,,,,,,,,,,,,,,,,,,,,,,,,,,,,,,,,,,,,,,,,,,,,,
67d7c109380fe7c6439cd313,392f95b8-ca90-485d-b182-bec0a3d8ef6d-17399,5d0e294f-b483-4ba8-bd53-7f058427f35a,2024-12-19T22:57:00,shipment manifested,2024-12-20T13:42:00,shipment dropped off awaiting carrier collection,2024-12-21T15:44:00,shipment collected,2024-12-21T18:04:00,in transit,2024-12-21T18:04:00,warehouse scan,2024-12-22T05:09:00,warehouse scan,2024-12-22T07:17:00,warehouse scan,2024-12-22T09:00:00,transit delay,,,,,,,,,,,,,,,,,,,,,,,,,,,,,,,,,,,,,,,,,,,,,,,,,,,,,,,,,,,,,,,,,,,,,,,,
67d7c109380fe7c6439cdb01,3235707012,5d0e294f-b483-4ba8-bd53-7f058427f35a,2024-12-20T12:11:00,shipment manifested,2024-12-20T13:42:00,shipment dropped off awaiting carrier collection,2024-12-21T15:44:00,shipment collected,2024-12-21T18:03:00,in transit,2024-12-21T18:03:00,warehouse scan,2024-12-22T05:07:00,warehouse scan,2024-12-22T07:15:00,warehouse scan,2024-12-22T09:00:00,transit delay,,,,,,,,,,,,,,,,,,,,,,,,,,,,,,,,,,,,,,,,,,,,,,,,,,,,,,,,,,,,,,,,,,,,,,,,
67d7c109380fe7c6439cf902,3739590310,5d0e294f-b483-4ba8-bd53-7f058427f35a,2025-01-05T16:15:00,shipment manifested,2025-01-06T12:09:00,shipment dropped off awaiting carrier collection,2025-01-07T16:34:00,shipment collected,2025-01-07T23:45:00,warehouse scan,2025-01-08T04:13:00,warehouse scan,2025-01-08T06:30:00,in transit,2025-01-08T09:56:00,arrival scan,2025-01-08T20:14:00,export scan,2025-01-09T10:58:00,transit delay,,,,,,,,,,,,,,,,,,,,,,,,,,,,,,,,,,,,,,,,,,,,,,,,,,,,,,,,,,,,,,,,,,,,,,
67d7c109380fe7c6439cf908,7149dbcd-72ad-4ed6-a3c5-cb30a7ac93dd-56486,5d0e294f-b483-4ba8-bd53-7f058427f35a,2025-01-05T16:15:00,shipment manifested,2025-01-06T12:09:00,shipment dropped off awaiting carrier collection,2025-01-07T16:34:00,shipment collected,2025-01-07T23:45:00,warehouse scan,2025-01-08T04:13:00,warehouse scan,2025-01-08T06:30:00,in transit,2025-01-08T09:56:00,arrival scan,2025-01-08T20:14:00,export scan,2025-01-09T10:58:00,transit delay,,,,,,,,,,,,,,,,,,,,,,,,,,,,,,,,,,,,,,,,,,,,,,,,,,,,,,,,,,,,,,,,,,,,,,
67d7c109380fe7c6439d0242,d864b2ce-4c25-4e9c-8009-6e70dd9b3174-59522,01f30ac3-4496-408f-b1b0-dc6ed4a36006,2025-01-10T10:17:03,shipment manifested,2025-01-10T16:30:05,in transit,2025-01-13T22:45:05,in transit,2025-01-13T22:45:05,warehouse scan,2025-01-13T23:30:21,in transit,2025-01-14T01:00:31,warehouse scan,2025-01-14T05:30:05,in transit,2025-01-14T18:00:05,warehouse scan,2025-01-15T01:15:06,transit delay,,,,,,,,,,,,,,,,,,,,,,,,,,,,,,,,,,,,,,,,,,,,,,,,,,,,,,,,,,,,,,,,,,,,,,
67d7c109380fe7c6439d12c1,H00FFA0003195637,6e28e500-05f1-4745-9878-e4952ac9afeb,2025-01-06T14:20:19,shipment manifested,2025-01-06T15:53:33,shipment dropped off awaiting carrier collection,2025-01-07T12:06:04,shipment collected,2025-01-07T16:26:57,warehouse scan,2025-01-07T18:16:40,warehouse scan,2025-01-08T10:31:29,out for delivery,2025-01-08T10:31:54,package too large for delivery,2025-01-09T11:18:39,package too large for delivery,2025-01-09T11:23:18,transit delay,,,,,,,,,,,,,,,,,,,,,,,,,,,,,,,,,,,,,,,,,,,,,,,,,,,,,,,,,,,,,,,,,,,,,,
67d7c109380fe7c6439d16e8,d5c83bad-8b97-476a-9f97-4e9b1e34ff79-46638,5d0e294f-b483-4ba8-bd53-7f058427f35a,2024-12-10T18:34:00,shipment manifested,2024-12-10T18:54:00,shipment dropped off awaiting carrier collection,2024-12-11T12:52:00,shipment collected,2024-12-11T18:00:00,in transit,2024-12-11T22:16:00,warehouse scan,2024-12-12T00:56:00,warehouse scan,2024-12-12T06:30:00,in transit,2024-12-12T07:01:00,additional information required for customs clearance,2024-12-13T10:00:00,transit delay,,,,,,,,,,,,,,,,,,,,,,,,,,,,,,,,,,,,,,,,,,,,,,,,,,,,,,,,,,,,,,,,,,,,,,
67d7c109380fe7c6439d16ea,3036069303,5d0e294f-b483-4ba8-bd53-7f058427f35a,2024-12-10T18:34:00,shipment manifested,2024-12-10T18:54:00,shipment dropped off awaiting carrier collection,2024-12-11T12:52:00,shipment collected,2024-12-11T18:00:00,in transit,2024-12-11T22:16:00,warehouse scan,2024-12-12T00:56:00,warehouse scan,2024-12-12T06:30:00,in transit,2024-12-12T07:01:00,additional information required for customs clearance,2024-12-13T10:00:00,transit delay,,,,,,,,,,,,,,,,,,,,,,,,,,,,,,,,,,,,,,,,,,,,,,,,,,,,,,,,,,,,,,,,,,,,,,
67d7c109380fe7c6439d1f07,39789625-d6a0-430e-bf86-3235242b0a36-10470,01f30ac3-4496-408f-b1b0-dc6ed4a36006,2024-10-24T17:12:57,shipment manifested,2024-10-25T18:45:11,warehouse scan,2024-10-25T20:00:04,in transit,2024-10-25T22:00:06,in transit,2024-10-25T23:30:04,warehouse scan,2024-10-26T00:00:07,in transit,2024-10-26T01:00:04,warehouse scan,2024-10-29T17:30:03,customs clearance in progress,2024-10-31T04:00:05,transit delay,,,,,,,,,,,,,,,,,,,,,,,,,,,,,,,,,,,,,,,,,,,,,,,,,,,,,,,,,,,,,,,,,,,,,,
67d7c109380fe7c6439d2a06,4252312b-8c17-4bc3-9f71-9e523177f0c8-22503,01f30ac3-4496-408f-b1b0-dc6ed4a36006,2025-01-10T12:51:12,shipment manifested,2025-01-13T17:30:27,warehouse scan,2025-01-13T20:15:03,in transit,2025-01-13T23:30:21,warehouse scan,2025-01-14T01:45:05,in transit,2025-01-14T09:30:24,in transit,2025-01-14T23:45:47,warehouse scan,2025-01-15T04:00:06,in transit,2025-01-15T20:30:15,transit delay,,,,,,,,,,,,,,,,,,,,,,,,,,,,,,,,,,,,,,,,,,,,,,,,,,,,,,,,,,,,,,,,,,,,,,
67d7c109380fe7c6439d2af3,H00FRA0002177492,6e28e500-05f1-4745-9878-e4952ac9afeb,2024-12-28T11:31:05,shipment manifested,2024-12-28T13:47:15,shipment dropped off awaiting carrier collection,2024-12-30T18:55:47,shipment collected,2024-12-30T20:59:56,warehouse scan,2024-12-31T06:03:26,warehouse scan,2025-01-01T16:39:11,warehouse scan,2025-01-02T12:44:31,manifested,2025-01-07T10:37:54,incomplete or incorrect delivery address. additional information or directions needed for delivery.,2025-01-07T10:38:44,transit delay,,,,,,,,,,,,,,,,,,,,,,,,,,,,,,,,,,,,,,,,,,,,,,,,,,,,,,,,,,,,,,,,,,,,,,
67d7c109380fe7c6439d310a,H00FRA0002187657,6e28e500-05f1-4745-9878-e4952ac9afeb,2025-01-06T12:10:39,shipment manifested,2025-01-06T13:23:27,shipment dropped off awaiting carrier collection,2025-01-08T08:10:23,warehouse scan,2025-01-08T08:11:23,warehouse scan,2025-01-08T19:01:41,warehouse scan,2025-01-09T04:03:26,in transit,2025-01-10T06:13:05,warehouse scan,2025-01-10T17:57:52,delivery to pick-up point pending,2025-01-10T17:58:20,transit delay,,,,,,,,,,,,,,,,,,,,,,,,,,,,,,,,,,,,,,,,,,,,,,,,,,,,,,,,,,,,,,,,,,,,,,
