scan_name,proposed_scan_group,note
1054 Insufficient Packaging,Insufficient packaging. Corrective actions underway,
1055 Damaged,Package damaged in transit,
1417 Denied Party Screening,new__new__Denied Party Screening,new
1419 Incorrectly labelled,new__Labeling error by sender,new
1419 Incorrectly labelled,new__Labeling error by sender,new
1436 MSDS required,MSDS required,
1446 Partial Departed UK Hub,In Transit,
1447 Money,new__new__Money,new
1460 Consignee Instructions - Authorised change of delivery address,Change of delivery address,
1466 Prohibited item,new__new__Prohibited item,new
1487 HS Code Required,Hs code required,
1488 Import License Required,Missing import license required for clearance,
1497 Delivered to postal agent,new__Delivered to collection point or pick-up location,new
1502 USPS in possesion of the item,In Transit,
1505 Accepted at USPS origin facility,Shipment collected,
1510 Partial scanned in RETURNS container,In Transit,
1514 RETURN REQUESTED BY CUSTOMER,Return of the package requested,
1526 Data Exception resolved  Send Next Rotation,,
1543 Clearance Payment not made by Receiver,Awaiting further instructions from receiver,
1545 Customs charges paid by Receiver,Tax payment received,
1550 On hold - see Portal notes,Shipment on hold,
1585 Unidentifiable substance/not packed by manufacturer,new__new__Unidentifiable substance,new
1587 Incorrect Description,new__new__Incorrect Description,new
1588 Shipment Value exceeds service limits,new__new__Shipment Value exceeds service limits,new
1592 Code not found,not_clear,
1613 Code not found,not_clear,
1622 Code not found,not_clear,
1624 Code not found,not_clear,
1646 Code not found,not_clear,
1648 Code not found,not_clear,
613 Code not found,not_clear,
617 Code not found,not_clear,
622 Code not found,not_clear,
626 Code not found,not_clear,
629 Code not found,not_clear,
637 Code not found,not_clear,
644 Code not found,not_clear,
657 RETURNS: Customer to collect,Delivery to pick-up point pending,
660 Piece not received,not_clear,
663 Prepared for export / in transit,In Transit,
670 Flight cancelled,Delay due to flight cancelled or delayed,
673 Late arrival of carrier,A late trailer arrival has delayed delivery - Delivery may be delayed by 24 hours,
682 Destination on holiday,Delivery attempted. Receiver not available for delivery,
693 Waiting for Power of Attorney,Power of attorney documentation missing,
695 Consignee not registered at Customs,Customs clearance in progress,
700 Others,not_clear,
711 Stopped,not_clear,
723 Destination on holiday,Delivery attempted. Receiver not available for delivery,
727 Departed UK facility,Departure Scan,
757 Industrial strikes,Delay due to industrial action,
764 Private address,Incomplete or incorrect delivery address. Additional information or directions needed for delivery.,
765 PO Box address,new__Unable to deliver to PO box.,new
774 Consignee on holiday,new__Delivery attempted. Receiver not available for delivery.,new
786 Consignee did not order the goods,new__Delivery refused.,new
788 Deadlines,not_clear,
843 Shipment inspection,new__Held for inspection by government agency.,new
903 Better Invoice required,new__Additional information or paperwork required for customs clearance.,new
945 Send next rotation - restricted item found,new__Shipment on hold due to restricted items.,new
/,not_clear,
a delay has occurred due to late processing by ups brokerage we are adjusting delivery plans as quickly as possible,new__Delay due to operational reasons.,new
a guaranteed service refund has been requested for this package,new__new__Guaranteed service refund requested.,new
/ a guaranteed service refund has been voided for this package,new__new__Guaranteed service refund voided.,new
a guaranteed service refund has been voided for this package,new__new__Guaranteed service refund voided.,new
all merchandise missing empty carton was discarded ups will notify the sender with details of the damage,new__Package damaged in transit.,new
/ all merchandise was not recoverable and was discarded ups will notify the sender with details of the damage,new__Package damaged in transit.,new
as requested by the sender the delivery change for this package was completed,new__New instructions received - We updated the delivery information for your package.,new
as requested by the sender the package will be delivered later than the normal delivery time for your area,new__Delivery rescheduled.,new
as requested by the sender this package requires special handling,new__new__Special handling required.,new
a work stoppage at the receiver s location has prevented delivery,new__Delivery attempted. Receiver not available for delivery.,new
click on get updates to receive email updates on your shipment s progress,not_clear,
commercial inside release,new__new__Commercial inside release.,new
customer has picked up package at ups access point,new__Delivered.,new
customer has picked up package at ups access point,new__Delivered.,new
damaged merchandise returned remaining content will be delivered ups will notify the sender with details of the damage,new__Package damaged in transit.,new
damage investigation currently in progress,new__new__Damage investigation in progress.,new
delivery attempted,Delivery attempted,
hazardous materials labeling is missing and is required for clearance we are working to obtain this information,Missing or incomplete export documentation,
import c o d icod charges are due for this package online payment required at ups com,Import charges are due,
left at customer s location,Delivered,
merchandise missing balance being returned ups will notify the sender with details of the damage,Package damaged in transit,
other driver follow up,not_clear,
package found,new__new__Package found,new
returned to sender,Returned to sender,
return to shipper required for compliance reasons,Shipment to be returned,
shipper release,new__new__Shipper release,new
signed delivery notice,new__new__Signed delivery notice,new
signed delivery notice,new__new__Signed delivery notice,new
the address has been corrected,new__new__Address corrected,new
the billing option selected is not valid for this package,new__new__Invalid billing option,new
the billing option selected is not valid for this package,new__new__Invalid billing option,new
the commodity value of your package exceeds the limit we allow,new__new__Commodity value exceeds limit,new
the company or receiver name is incorrect we re working to contact the receiver for information,Correct company or receiver name needed for delivery,
the contents of the package being returned do not match the description provided by the sender,new__new__Contents mismatch,new
the damaged merchandise is being held at an agent s location ups will notify the sender with details of the damage,Package damaged in transit,
the damage inspection request has been reissued,new__new__Damage inspection request reissued,new
the driver was not able to receive payment a final attempt will be made the next business day,1st delivery attempt. Unable to collect tax payment.,
the floor number is either missing or incorrect this may delay delivery we re attempting to update the address,Incomplete or incorrect delivery address. Additional information or directions needed for delivery.,
/ the information requested has been obtained and the hold has been resolved,new__new__Hold resolved,new
the package contains an unauthorized tobacco commodity and we are unable to complete the delivery,Unable to deliver,
the package has been sent to ups lost and found,new__new__Package sent to lost and found,new
the package is being processed for clearance,Customs clearance in progress,
the package was given to ups after the cutoff time and the delivery date may be impacted,Delay due to operational reasons,
/ the receiver has acknowledged receipt of this package,Delivered,
the receiver has agreed to accept the delivery charges,Internal activity scan,
the receiver has moved we re returning the package to the sender,Returned to sender,
the receiver has moved we will deliver the package to the receiver s new address,Receiver moved,
the receiver refused the package that requires a package release code the package will be returned to sender,Delivery refused,
the receiver requested the package be rerouted to an alternate location for customer pickup,Delivery to pick-up point requested,
the receiver requested ups my choice authorize shipment release,Internal activity scan,
the receiver requested ups my choice authorize shipment release,Internal activity scan,
the recovery intercept was successfully completed,Internal activity scan,
there was a modification to the recovery intercept on this package,Internal activity scan,
the sender requested that we return the package,Returned to sender,
the street suffix is incorrect this may delay delivery we re attempting to update the address,Incomplete or incorrect delivery address. Additional information or directions needed for delivery.,
the ups access point selected as part of your delivery change request is unavailable at this time please select an alternate location for delivery,Delivery to pick-up point pending,
the ups surepost package was misrouted it is currently being transferred to the correct usps office for final delivery,Carrier misrouted the shipment - Corrective action underway,
this delivery was made after the ups service commitment time of 10 30 a m,Delay due to operational reasons,
this delivery was made after the ups service commitment time of noon,Delay due to operational reasons,
this package was not picked up from the requested ups facility and will be returned to the sender,Returned to sender,
unable to contact customer at primary number,Request to contact carrier,
unfortunately a labor strike unrelated to ups has prevented delivery of your package,Delay due to operational reasons,
ups has returned your package to the sender,Returned to sender,
ups initiated contact with receiver to collect the import processing fee select pay now where available,new__Contact with sender made,new
ups my choice member s chosen ups access point preferences are not available,Delivery to pick-up point pending,
ups printed and applied the shipping label,Internal activity scan,
ups will deliver your ups surepost package instead of the post office,Delivery to alternative address requested,
ups will follow up with the sender,Carrier to contact sender or receiver,
ups will redeliver to same address on day after same day will call request,Delivery rescheduled,
we are returning the package to the sender as the receiver requested,Returned to sender,
we have upgraded the package as requested by the receiver,Internal activity scan,
we ll contact the sender or receiver because sender/importer validation is required by customs before release,Information needed from the receiver,
we missed you again we ll make a final attempt on the next business day,1st of 3 Delivery attempts. Receiver not available,
we missed you we are taking your package to a local ups access point next business day for customer pickup,Delivery to pick-up point pending,
we re returning this package to the sender as requested by the receiver,Returned to sender,
we ve left a notice about the package,not_clear,
we ve left the package on one of our planes this may cause a delay,Transit delay,
we ve requested a modified intercept for this package,Internal activity scan,
we were unable to deliver your package it s on the way to a secure ups access point location for pick up,In Transit,
your delivery has been rescheduled,Delivery rescheduled,
your investigation has been closed with a proof of delivery,Internal activity scan,
your package entry was rejected by the clearing agency we will process according to the sender s instructions,Customs clearance in progress,
your package has been delayed due to a security check,Transit delay,
your package has been removed from a climate controlled environment,new__new__Package removed from climate controlled environment,new
your package was upgraded to a new service level,Internal activity scan,
your shipment s delivery will be scheduled upon entry clearance or returned if denied entry,Customs clearance in progress,
your shipment s international documents are needing commodity classification if you are the sender please submit valid documents to resume the transit journey,Additional information required for customs clearance,
your ups surepost package was transferred to the wrong post office it is being corrected,Carrier misrouted the shipment - Corrective action underway,
1 parcels collected on delivery,Shipment collected,
carded,Delivery attempted. Receiver not available for delivery,
change delivery date requested,New instructions received - We updated the delivery information for your package,
collected from depot received by james,Delivered,
contents checked during hub sort,In Transit,
customs inspection required,Held for inspection by government agency,
delivered collected from depot received by ziffitt id photo id passport,Delivered,
delivered id checked,not_clear,
delivered left at 11 received by hampton,Delivered to neighbour,
delivered left at 11 received by lloyd d,Delivered to neighbour,
delivered left at 11 received by owens,Delivered to neighbour,
delivered left at 11 received by pharmacy,Delivered to neighbour,
delivered left at 12 received by edwards,Delivered to neighbour,
delivered left at 140 received by patsy,Delivered to neighbour,
delivered left at 190 received by martina,Delivered to neighbour,
delivered left at 195 received by toolstation,Delivered to neighbour,
delivered left at 1a received by fountain,Delivered to neighbour,
delivered left at 1 received by h greaves,Delivered to neighbour,
delivered left at 20 received by corb,Delivered to neighbour,
delivered left at 23 received by wood,Delivered to neighbour,
delivered left at 25 received by garry,Delivered to neighbour,
delivered left at 25 received by open,Delivered to neighbour,
delivered left at 2 received by jones,Delivered to neighbour,
delivered left at 2 received by mcgowan,Delivered to neighbour,
delivered left at 30 rose received by rose,Delivered to neighbour,
delivered left at 38 received by michelle,Delivered to neighbour,
delivered left at 38 received by paul,Delivered to neighbour,
delivered left at 3 received by price,Delivered to neighbour,
delivered left at 40 received by aaron,Delivered to neighbour,
delivered left at 48 received by newton,Delivered to neighbour,
delivered left at 49 received by lisa,Delivered to neighbour,
delivered left at 53 received by lowing,Delivered to neighbour,
delivered left at 5 received by windy,Delivered to neighbour,
delivered left at 67 surbiton road londis shop received by patel,Delivered to neighbour,
delivered left at 6 received by danial,Delivered to neighbour,
delivered left at 6 received by street,Delivered to neighbour,
delivered left at 70 lm design received by anna,Delivered to neighbour,
delivered left at 70 received by lawson,Delivered to neighbour,
delivered left at 78 received by sarah,Delivered to neighbour,
delivered left at 84 received by janel,Delivered to neighbour,
delivered left at 9 0pp received by richard,Delivered to neighbour,
delivered left at 9c sam received by sam,Delivered to neighbour,
delivered left at a1 received by adam,Delivered to neighbour,
delivered left at brynawelon received by evans,Delivered to neighbour,
delivered left at by the way received by finch,Delivered to neighbour,
delivered left at coral received by a adam,Delivered to neighbour,
delivered left at daisy chain received by daisy,Delivered to neighbour,
delivered left at dml received by matt,Delivered to neighbour,
delivered left at d spirit next to sg tanks received by driving spirit,Delivered to neighbour,
delivered left at dulux received by smith,Delivered to neighbour,
delivered left at emm dee stores received by dinish,Delivered to neighbour,
delivered left at flat 2 received by john,Delivered to neighbour,
delivered left at jjs cafe received by jjs cafe,Delivered to neighbour,
delivered left at loyal auto received by loyal,Delivered to neighbour,
delivered left at maydencroft received by james,Delivered to neighbour,
delivered left at nightingale loghd3 received by nightingale lodhe,Delivered to neighbour,
delivered left at organic received by jemie,Delivered to neighbour,
delivered left at premier shop received by birkett,Delivered to neighbour,
delivered left at quinn roofing received by dunn,Delivered to neighbour,
delivered left at rafs received by raf,Delivered to neighbour,
delivered left at raze the roof received by smith,Delivered to neighbour,
delivered left at security office received by rubly,Delivered,
delivered left at uk electricals whole sale trade counter offic2 received by sam,Delivered to neighbour,
delivered left at unit 10 received by jim,Delivered to neighbour,
delivered left at unit11 received by jerry,Delivered to neighbour,
delivered left at unit 2 jm clark received by asal,Delivered to neighbour,
delivered left at unit no5 received by iian,Delivered to neighbour,
delivered to alternative address,Delivery to alternative address requested,
delivered to alternative address by almira batanovic,Delivery to alternative address requested,
delivered to alternative address received by a de jong,Delivery to alternative address requested,
delivered to alternative address received by burn,Delivery to alternative address requested,
delivered to alternative address received by buur v,Delivery to alternative address requested,
delivered to alternative address received by goedt m,Delivery to alternative address requested,
delivered to alternative address received by handyhaus,Delivery to alternative address requested,
delivered to alternative address received by handy vip eyup,Delivery to alternative address requested,
delivered to alternative address received by hartmann,Delivery to alternative address requested,
delivered to alternative address received by j sj,Delivery to alternative address requested,
delivered to alternative address received by kroeber,Delivery to alternative address requested,
delivered to alternative address received by milop,Delivered,
delivered to alternative address received by nr87,Delivered,
delivered to alternative address received by silke hoenselaar,Delivered,
delivered to alternative address received by stummer,Delivered,
delivered to alternative address received by tol f,Delivered,
delivered to pickup point sms notification proof of delivery sms notification sent,Shipment ready for collection from pick-up point,
delivered to post office/collection point,new__Delivered to collection point or pick-up location,new
delivered with consignee s authority by acklam stuart,Driver release - Delivered to a safe place,
delivered with consignee s authority by bogdahn holger,Driver release - Delivered to a safe place,
delivered with consignee s authority by evm 68,Driver release - Delivered to a safe place,
delivered with consignee s authority by grÃ£ pke steffen,,
delivered with consignee s authority by mangold florian,Driver release - Delivered to a safe place,
delivered with consignee s authority by sandro strasser,Driver release - Delivered to a safe place,
delivered with consignee s authority by schmitt,Driver release - Delivered to a safe place,
delivered with consignee s authority by seethaler florian,Driver release - Delivered to a safe place,
delivered with consignee s authority by strittmatter nicole und oliver,Driver release - Delivered to a safe place,
delivered with consignee s authority by wajiha noor malik,Driver release - Delivered to a safe place,
delivered with consignee s authority received by adidas ag hzo brenes yolanda gome,Driver release - Delivered to a safe place,
delivered with consignee s authority received by aichholz marc,Driver release - Delivered to a safe place,
delivered with consignee s authority received by annika haas,Driver release - Delivered to a safe place,
delivered with consignee s authority received by argirov gillmeister dimitar mark,Driver release - Delivered to a safe place,
delivered with consignee s authority received by baskakov,Driver release - Delivered to a safe place,
delivered with consignee s authority received by bernd mutke,Driver release - Delivered to a safe place,
delivered with consignee s authority received by brÃ£ ning sarah,,
delivered with consignee s authority received by dÃ£ rner michael,,
delivered with consignee s authority received by den boer markus,Driver release - Delivered to a safe place,
delivered with consignee s authority received by deser,Driver release - Delivered to a safe place,
delivered with consignee s authority received by doris heine,Driver release - Delivered to a safe place,
delivered with consignee s authority received by dr florian stellmacher,Driver release - Delivered to a safe place,
delivered with consignee s authority received by easypaketshop,Driver release - Delivered to a safe place,
delivered with consignee s authority received by elbadawi sophie,Driver release - Delivered to a safe place,
delivered with consignee s authority received by esser dr simone,Driver release - Delivered to a safe place,
delivered with consignee s authority received by evgenia grishina,Driver release - Delivered to a safe place,
delivered with consignee s authority received by faiza umatul,Driver release - Delivered to a safe place,
delivered with consignee s authority received by goebber,Driver release - Delivered to a safe place,
delivered with consignee s authority received by gohlke thomas,Driver release - Delivered to a safe place,
delivered with consignee s authority received by haÃ£ elmann,,
delivered with consignee s authority received by hagedorn benjamin,Driver release - Delivered to a safe place,
delivered with consignee s authority received by hagen,Driver release - Delivered to a safe place,
delivered with consignee s authority received by haller,Driver release - Delivered to a safe place,
delivered with consignee s authority received by holeschek western style shopping,Driver release - Delivered to a safe place,
delivered with consignee s authority received by huber kerstin,Driver release - Delivered to a safe place,
delivered with consignee s authority received by jacqueline jokic,Driver release - Delivered to a safe place,
delivered with consignee s authority received by jungermann dominik,Driver release - Delivered to a safe place,
delivered with consignee s authority received by justyna weiss,Driver release - Delivered to a safe place,
delivered with consignee s authority received by kern wolfgang,Driver release - Delivered to a safe place,
delivered with consignee s authority received by kindermann wolfgang,Driver release - Delivered to a safe place,
delivered with consignee s authority received by kinga pinterova,Driver release - Delivered to a safe place,
delivered with consignee s authority received by kraus,Driver release - Delivered to a safe place,
delivered with consignee s authority received by lamm mario,Driver release - Delivered to a safe place,
delivered with consignee s authority received by lerch sarah und philipp,Driver release - Delivered to a safe place,
delivered with consignee s authority received by mail sam,Driver release - Delivered to a safe place,
delivered with consignee s authority received by maraun /17732 thorsten,Driver release - Delivered to a safe place,
delivered with consignee s authority received by michael rumpel,Driver release - Delivered to a safe place,
delivered with consignee s authority received by nimatullah azami,Driver release - Delivered to a safe place,
delivered with consignee s authority received by oder rainer,Driver release - Delivered to a safe place,
delivered with consignee s authority received by ortmeier,Driver release - Delivered to a safe place,
delivered with consignee s authority received by petterson ronald,Driver release - Delivered to a safe place,
delivered with consignee s authority received by prebeck kathrin,Driver release - Delivered to a safe place,
delivered with consignee s authority received by rugins de montoya susan,Driver release - Delivered to a safe place,
delivered with consignee s authority received by saager norman und sabine,Driver release - Delivered to a safe place,
delivered with consignee s authority received by schule birklehof e v,Driver release - Delivered to a safe place,
delivered with consignee s authority received by seitz christopher,Driver release - Delivered to a safe place,
delivered with consignee s authority received by seli gmbh a technik,Driver release - Delivered to a safe place,
delivered with consignee s authority received by soppa bruno,Driver release - Delivered to a safe place,
delivered with consignee s authority received by stephan tobias,Driver release - Delivered to a safe place,
delivered with consignee s authority received by stock sebastian,Driver release - Delivered to a safe place,
delivered with consignee s authority received by stojanocic,Driver release - Delivered to a safe place,
delivered with consignee s authority received by swiss paket,Driver release - Delivered to a safe place,
delivered with consignee s authority received by sylwia gwardys,Driver release - Delivered to a safe place,
delivered with consignee s authority received by tatjana lewinski,Driver release - Delivered to a safe place,
delivered with consignee s authority received by technische universitaet,Driver release - Delivered to a safe place,
delivered with consignee s authority received by thomas haderli c/o llan lin,Driver release - Delivered to a safe place,
delivered with consignee s authority received by vogt angelina,Driver release - Delivered to a safe place,
delivered with consignee s authority received by windler,Driver release - Delivered to a safe place,
delivered with consignee s authority received by wolfgang jern,Driver release - Delivered to a safe place,
delivered with consignee s authority received by wolthusen janine,Driver release - Delivered to a safe place,
delivered with consignee s authority received by zaylia israel,Driver release - Delivered to a safe place,
deliver to alternative address requested,Delivery to alternative address requested,
delivery instructions provided instruction please can you delivery it by 1pm as its needed for a event in the evening and they need to leave by 2pm,New instructions received - We updated the delivery information for your package,
delivery note / order reference required by brachmann,Request to contact carrier,
delivery refused as the contact name was not recognised by sam,Delivery refused,
delivery refused by danthony using saturn,Delivery refused,
delivery refused by driver using saturn,Delivery refused,
delivery refused by jesus using saturn,Delivery refused,
delivery runsheet image available,Internal activity scan,
delivery to dpd pickup locker bp girdle toll service station requested not home sms notification sent,Delivery to pick-up point requested,
delivery to dpd pickup locker bp milton regis service station requested not home sms notification sent,Delivery to pick-up point requested,
delivery to dpd pickup locker esso westbound requested not home sms not home e mail notification sent,Delivery to pick-up point requested,
delivery to dpd pickup locker esso woodston service station requested not home sms not home e mail notification sent,Delivery to pick-up point requested,
delivery to dpd pickup locker homebase requested collect from pickup acknowledgement sms collect from pickup acknowledgement e mail notification sent,Delivery to pick-up point requested,
delivery to dpd pickup locker not possible collect from pickup apology sms collect from pickup apology e mail notification sent,Unable to deliver to pick-up point. Contact carrier for alternative arrangements,
delivery to dpd pickup locker stonegate talisman tunstall requested collect from pickup acknowledgement sms collect from pickup acknowledgement e mail notification sent,Delivery to pick-up point requested,
delivery to dpd pickup locker yeep the brewery requested collect from pickup acknowledgement e mail notification sent,Delivery to pick-up point requested,
delivery to dpd pickup point after unsuccessful delivery attempt not home by danny winter,Delivery to pick-up point pending,
delivery to dpd pickup point after unsuccessful delivery attempt not home by dawnbreed records jeff,Delivery to pick-up point pending,
delivery to dpd pickup point after unsuccessful delivery attempt not home by frans van heel van heel,Delivery to pick-up point pending,
delivery to dpd pickup point after unsuccessful delivery attempt not home by i4light,Delivery to pick-up point pending,
delivery to dpd pickup point after unsuccessful delivery attempt not home by michelle cooper jrkxjx,Delivery to pick-up point pending,
delivery to dpd pickup point after unsuccessful delivery attempt not home by pricilja veenkamp veen,Delivery to pick-up point pending,
delivery to dpd pickup point requested,Delivery to pick-up point requested,
delivery to dpd pickup shop alimentation grand palais requested,Delivery to pick-up point requested,
delivery to dpd pickup shop awg mode center requested,Delivery to pick-up point requested,
delivery to dpd pickup shop billa filiale 8158 requested,Delivery to pick-up point requested,
delivery to dpd pickup shop b k food wine requested not home sms not home e mail notification sent,Delivery to pick-up point requested,
delivery to dpd pickup shop budni friedrichshain requested,Delivery to pick-up point requested,
delivery to dpd pickup shop carrefour market drive requested,Delivery to pick-up point requested,
delivery to dpd pickup shop cordonnerie serrurerie patricio requested,Delivery to pick-up point requested,
delivery to dpd pickup shop diska oschatz requested,Delivery to pick-up point requested,
delivery to dpd pickup shop droguerie g dubouloz requested,Delivery to pick-up point requested,
delivery to dpd pickup shop e leclerc bricolage requested,Delivery to pick-up point requested,
delivery to dpd pickup shop franprix requested,Delivery to pick-up point requested,
delivery to dpd pickup shop gordijn wereld requested,Delivery to pick-up point requested,
delivery to dpd pickup shop harryÃ¢ s getrÃ£ nkeecke requested,,
delivery to dpd pickup shop hyper u multimedia billetterie requested,Delivery to pick-up point requested,
delivery to dpd pickup shop hyper u requested,Delivery to pick-up point requested,
delivery to dpd pickup shop king candy schwerin requested,Delivery to pick-up point requested,
delivery to dpd pickup shop lÃ¢ amiral requested,,
delivery to dpd pickup shop la poste carrepro montrouge requested,Delivery to pick-up point requested,
delivery to dpd pickup shop la poste ppdc narbonne requested,Delivery to pick-up point requested,
delivery to dpd pickup shop la tabatiere requested,Delivery to pick-up point requested,
delivery to dpd pickup shop le relais des mousquetaires requested,Delivery to pick-up point requested,
delivery to dpd pickup shop leyton post office requested not home e mail notification sent,Delivery to pick-up point requested,
delivery to dpd pickup shop lotto totto kiosk requested,Delivery to pick-up point requested,
delivery to dpd pickup shop marche aux affaires requested,Delivery to pick-up point requested,
delivery to dpd pickup shop max shop almelo requested,Delivery to pick-up point requested,
delivery to dpd pickup shop mon animalerie requested,Delivery to pick-up point requested,
delivery to dpd pickup shop moreton in marsh post office requested not home sms not home e mail notification sent,Delivery to pick-up point requested,
delivery to dpd pickup shop not possible,Delivery to pick-up point pending,
delivery to dpd pickup shop not possible collect from pickup apology e mail notification sent,Delivery to pick-up point pending,
delivery to dpd pickup shop not possible collect from pickup apology sms collect from pickup apology e mail notification sent,Delivery to pick-up point pending,
delivery to dpd pickup shop not possible collect from pickup apology sms notification sent,Delivery to pick-up point pending,
delivery to dpd pickup shop not possible pickup delay e mail notification sent,Delivery to pick-up point pending,
delivery to dpd pickup shop not possible pickup delay sms notification sent,Delivery to pick-up point pending,
delivery to dpd pickup shop not possible pickup delay sms pickup delay e mail notification sent,Delivery to pick-up point pending,
delivery to dpd pickup shop not possible sms e mail notification sent,Delivery to pick-up point pending,
delivery to dpd pickup shop nur design requested,Delivery to pick-up point requested,
delivery to dpd pickup shop optique malesherbes requested,Delivery to pick-up point requested,
delivery to dpd pickup shop pieterse mode textiel requested,Delivery to pick-up point requested,
delivery to dpd pickup shop premier west road convenience store requested collect from pickup acknowledgement e mail notification sent,Delivery to pick-up point requested,
delivery to dpd pickup shop premier wharf road requested not home e mail notification sent,Delivery to pick-up point requested,
delivery to dpd pickup shop primeur saint clement requested,Delivery to pick-up point requested,
delivery to dpd pickup shop profi line gotha requested,Delivery to pick-up point requested,
delivery to dpd pickup shop rapid pare brise monkey requested,Delivery to pick-up point requested,
delivery to dpd pickup shop romulco tweewielers requested,Delivery to pick-up point requested,
delivery to dpd pickup shop sahin sahin gbr requested,Delivery to pick-up point requested,
delivery to dpd pickup shop save requested,Delivery to pick-up point requested,
delivery to dpd pickup shop super u express requested,Delivery to pick-up point requested,
delivery to dpd pickup shop toeter gadgets requested,Delivery to pick-up point requested,
delivery to dpd pickup shop top1toys drachten requested,Delivery to pick-up point requested,
delivery to dpd pickup shop vatantel requested,Delivery to pick-up point requested,
delivery to dpd pickup shop viatim a b requested,Delivery to pick-up point requested,
delivery to dpd pickup shop viatim nederland b v hoofdaccoun requested,Delivery to pick-up point requested,
delivery to dpd pickup shop wow nails nijmegen requested,Delivery to pick-up point requested,
delivery to neighbour has been requested if recipient is not in to receive the item,Delivery to pick-up point requested,
export paperwork/invoices missing,Missing or incomplete export documentation,
forwarded to mps pre paid roissy fr,new__new__forwarded to mps pre paid roissy fr,new
held in customs vat/id required,Held awaiting tax payment by the receiver,
held in depot,Shipment on hold,
held in depot contents checked,Shipment on hold,
held in trailer from hub trailer 1953,Shipment on hold,
held in trailer from hub trailer 2960,Shipment on hold,
held unexpected/uncontrollable event,Shipment on hold,
import charges paid,Tax payment received,
import charges reminder sent,new__new__import charges reminder sent,new
imported by international gateway from dpd group import arrived sms notification sent,new__new__imported by international gateway from dpd group import arrived sms notification sent,new
late arrival in transit,Transit delay,
manually sorted non conveyable traffic,In Transit,
misloaded and redirected,Carrier misrouted the shipment - Corrective action underway,
missing or incorrect delivery data,Incomplete or incorrect delivery address. Additional information or directions needed for delivery.,
ofd email and sms notification between 11 30 12 30,new__new__ofd email and sms notification between 11 30 12 30,new
ofd email and sms notification between 12 31 13 31,new__new__ofd email and sms notification between 12 31 13 31,new
ofd email notification between 09 00 13 00,new__new__ofd email notification between 09 00 13 00,new
ofd email notification between 09 11 10 11,new__new__ofd email notification between 09 11 10 11,new
ofd email notification between 09 23 10 23,new__new__ofd email notification between 09 23 10 23,new
ofd email notification between 09 25 11 25,not_clear,
ofd email notification between 09 55 10 55,not_clear,
ofd email notification between 11 21 12 21,not_clear,
ofd email notification between 12 20 13 20,not_clear,
ofd email notification between 13 00 15 00,not_clear,
ofd email notification between 13 04 14 04,not_clear,
ofd email notification between 13 06 14 06,not_clear,
ofd email notification between 13 26 14 26,not_clear,
ofd email notification between 13 54 14 54,not_clear,
ofd email notification between 16 34 17 34,not_clear,
ofd sms notification between 08 40 09 40,not_clear,
ofd sms notification between 13 00 14 00,not_clear,
ofd sms notification between 13 00 15 00,not_clear,
ofd sms notification between 13 25 14 25,not_clear,
off loaded,not_clear,
offshore downgrade hazardous goods,new__new__offshore downgrade hazardous goods,new
pending information from origin depot,new__new__pending information from origin depot,new
picked up by consumer by andrew goudie,Delivered,
picked up by consumer by daniel mulder,Delivered,
picked up by consumer by danny,Delivered,
picked up by consumer by dawnbreed records,Delivered,
picked up by consumer by drewes tebbes,Delivered,
picked up by consumer by duco,Delivered,
picked up by consumer by egorov arseny romanovich,Delivered,
picked up by consumer by frank k,Delivered,
picked up by consumer by frans van heel,Delivered,
picked up by consumer by i4light,Delivered,
picked up by consumer by ivan varela domarco,Delivered,
picked up by consumer by kerli puvi,Delivered,
picked up by consumer by kruisland,Delivered,
picked up by consumer by marcel antheunisse,Delivered,
picked up by consumer by mathew cooper,Delivered,
picked up by consumer by michelle,Delivered,
picked up by consumer by ms sabrina mirza,Delivered,
picked up by consumer by pip menzel,Delivered,
picked up by consumer by pricilja veenkamp,Delivered,
picked up by consumer by ramio fernandez gonzalez,Delivered,
picked up by consumer by rib,Delivered,
picked up by consumer by trix schmal,Delivered,
picked up by consumer by van vegchel,Delivered,
postcode error redirected,Carrier misrouted the shipment - Corrective action underway,
prohibited goods,new__new__prohibited goods,new
ready for collection pickup,Shipment ready for collection from pick-up point,
ready for collection sms confirmed as received,Shipment ready for collection from pick-up point,
ready for collection sms sent successfully,Shipment ready for collection from pick-up point,
received at pickup by andrew goudie,Delivered,
receiver refused to pay on delivery,Delivery refused,
recipient absent on second delivery attempt by cox,Delivery attempted. Receiver not available for delivery,
redelivery request deliver to neighbour made for mon 24 april 2023 delivery to neighbour acknowledgement sms notification sent,new__Delivery to neighbour,new
redelivery request leave in safe place made for fri 16 june 2023 safe place acknowledgement sms notification sent,Driver release - Delivered to a safe place,
redelivery request leave in safe place made for thu 09 march 2023 safe place acknowledgement sms safe place acknowledgement e mail notification sent,New instructions received - We updated the delivery information for your package,
redelivery request leave in safe place made for tue 28 march 2023 safe place acknowledgement sms safe place acknowledgement e mail notification sent,New instructions received - We updated the delivery information for your package,
redelivery request new address made for fri 10 march 2023 alternative address acknowledgement e mail notification sent,New instructions received - We updated the delivery information for your package,
redelivery request new address made for fri 26 may 2023,New instructions received - We updated the delivery information for your package,
redelivery request new address made for fri 31 march 2023 alternative address acknowledgement sms alternative address acknowledgement e mail notification sent,New instructions received - We updated the delivery information for your package,
redelivery request new address made for mon 26 june 2023 alternative address acknowledgement e mail notification sent,New instructions received - We updated the delivery information for your package,
redelivery request new address made for mon 30 january 2023 alternative address acknowledgement sms alternative address acknowledgement e mail notification sent,New instructions received - We updated the delivery information for your package,
redelivery request new address made for thu 11 may 2023 alternative address acknowledgement sms alternative address acknowledgement e mail notification sent,New instructions received - We updated the delivery information for your package,
redelivery request new address made for wed 10 may 2023 alternative address acknowledgement sms alternative address acknowledgement e mail notification sent,New instructions received - We updated the delivery information for your package,
redelivery request service upgrade made for fri 18 october 2024 between 12 00 and 18 00 upgrade acknowledgement sms upgrade acknowledgement e mail notification sent,New instructions received - We updated the delivery information for your package,
redelivery request service upgrade made for fri 23 august 2024 between 07 00 and 22 00 upgrade acknowledgement sms notification sent,New instructions received - We updated the delivery information for your package,
redelivery request service upgrade made for fri 30 august 2024 between 07 00 and 22 00 upgrade acknowledgement sms upgrade acknowledgement e mail notification sent,New instructions received - We updated the delivery information for your package,
redelivery request service upgrade made for sat 01 march 2025 between 08 00 and 12 00 upgrade acknowledgement sms upgrade acknowledgement e mail notification sent,New instructions received - We updated the delivery information for your package,
redelivery request service upgrade made for sat 02 march 2024 between 08 00 and 12 00 upgrade acknowledgement sms upgrade acknowledgement e mail notification sent,New instructions received - We updated the delivery information for your package,
redelivery request service upgrade made for sat 06 april 2024 between 07 00 and 22 00 upgrade acknowledgement sms upgrade acknowledgement e mail notification sent,New instructions received - We updated the delivery information for your package,
redelivery request service upgrade made for sat 06 april 2024 between 12 00 and 18 00 upgrade acknowledgement sms upgrade acknowledgement e mail notification sent,New instructions received - We updated the delivery information for your package,
redelivery request service upgrade made for sat 15 june 2024 between 12 00 and 18 00 upgrade acknowledgement sms upgrade acknowledgement e mail notification sent,New instructions received - We updated the delivery information for your package,
redelivery request service upgrade made for sat 31 august 2024 between 12 00 and 18 00 upgrade acknowledgement sms upgrade acknowledgement e mail notification sent,New instructions received - We updated the delivery information for your package,
redelivery request service upgrade made for sun 16 june 2024 between 07 00 and 22 00 upgrade acknowledgement sms notification sent,New instructions received - We updated the delivery information for your package,
redelivery request service upgrade made for sun 16 june 2024 between 08 00 and 12 00 upgrade acknowledgement sms notification sent,New instructions received - We updated the delivery information for your package,
redelivery request service upgrade made for thu 06 june 2024 between 08 00 and 12 00 upgrade acknowledgement sms upgrade acknowledgement e mail notification sent,New instructions received - We updated the delivery information for your package,
redelivery request service upgrade made for thu 17 october 2024 between 08 00 and 12 00 upgrade acknowledgement e mail notification sent,New instructions received - We updated the delivery information for your package,
redelivery request service upgrade made for thu 29 august 2024 between 12 00 and 18 00 upgrade acknowledgement sms upgrade acknowledgement e mail notification sent,New instructions received - We updated the delivery information for your package,
redelivery request service upgrade made for tue 03 september 2024 between 08 00 and 12 00 upgrade acknowledgement sms upgrade acknowledgement e mail notification sent,New instructions received - We updated the delivery information for your package,
redelivery request service upgrade made for tue 17 october 2023 between 07 00 and 22 00 upgrade acknowledgement e mail notification sent,New instructions received - We updated the delivery information for your package,
redelivery request service upgrade made for tue 17 october 2023 between 08 00 and 12 00 upgrade acknowledgement e mail notification sent,New instructions received - We updated the delivery information for your package,
redelivery request service upgrade made for tue 23 april 2024 between 09 00 and 12 00,New instructions received - We updated the delivery information for your package,
redelivery request service upgrade made for tue 27 february 2024 between 12 00 and 18 00 upgrade acknowledgement sms upgrade acknowledgement e mail notification sent,New instructions received - We updated the delivery information for your package,
redelivery request service upgrade made for wed 24 april 2024 between 12 00 and 18 00 upgrade acknowledgement sms upgrade acknowledgement e mail notification sent,New instructions received - We updated the delivery information for your package,
redirected to depot shipment delayed sms shipment delayed e mail notification sent,Transit delay,
redirected to southall depot shipment delayed sms shipment delayed e mail notification sent,Transit delay,
reminder email sent successfully,not_clear,
reminder sms confirmed as received,not_clear,
returned by customer,Returned to sender,
returned to sender,Returned to sender,
return holding / storage limit expired,Shipment to be returned,
return to consignor requested,Shipment to be returned,
shipment unvoided,not_clear,
the parcel has been collected by loura,Delivered,
the parcel has been requested to be returned,Shipment to be returned,
the parcel has now been collected from the local pickup point,Delivered,
the parcel is at the local depot awaiting a suitable time to deliver,Arrival at delivery depot,
the parcel was refused at the delivery point,Delivery refused,
the parcel was refused at the pickup point by the receiver,Delivery refused,
the receiver has been advised of when their delivery will take place between 09 31 10 31,not_clear,
the receiver has been advised of when their delivery will take place between 09 36 10 36,not_clear,
the receiver has been advised of when their delivery will take place between 10 02 11 02,not_clear,
the receiver has been advised of when their delivery will take place between 10 21 11 21,not_clear,
the receiver has been advised of when their delivery will take place between 11 51 12 51,not_clear,
the receiver has been advised of when their delivery will take place between 12 38 13 38,not_clear,
the receiver has been advised of when their delivery will take place between 13 01 14 01,Delivery scheduled for next business day,
the receiver has been advised of when their delivery will take place between 13 28 14 28,Delivery scheduled for next business day,
the receiver has been advised of when their delivery will take place between 15 06 16 06,Delivery scheduled for next business day,
the receiver has been advised of when their delivery will take place between 15 49 16 49,Delivery scheduled for next business day,
unable to deliver,Unable to deliver,
unable to deliver address changed,Unable to deliver,
unable to deliver address changed,Unable to deliver,
unable to deliver address changed by pieterse mode a textiel,Unable to deliver,
unable to deliver address query by barry emons,Unable to deliver,
unable to deliver damaged,Unable to deliver,
unable to deliver delivery date rescheduled,Unable to deliver,
unable to deliver delivery date rescheduled by alide he,Unable to deliver,
unable to deliver delivery date rescheduled by linde reus,Unable to deliver,
unable to deliver door access code required,Unable to deliver,
unable to deliver reason unknown by alide he,Unable to deliver,
unable to deliver recipient absent by cox,Delivery attempted. Receiver not available for delivery,
unable to deliver recipient absent by dernadett,Delivery attempted. Receiver not available for delivery,
unable to deliver recipient absent by drew,Delivery attempted. Receiver not available for delivery,
unable to deliver recipient absent by estes,Delivery attempted. Receiver not available for delivery,
unable to deliver recipient absent by grosch,Delivery attempted. Receiver not available for delivery,
unable to deliver recipient absent by kevin geweyer,Delivery attempted. Receiver not available for delivery,
unable to deliver recipient absent by linde reus,Delivery attempted. Receiver not available for delivery,
unable to deliver recipient absent by mike,Delivery attempted. Receiver not available for delivery,
unable to deliver recipient absent by n owen,Delivery attempted. Receiver not available for delivery,
unable to deliver recipient on holiday,Delivery attempted. Receiver not available for delivery,
unable to deliver recipient on holiday by linde reus,Delivery attempted. Receiver not available for delivery,
unable to deliver refused by recipient,Delivery refused,
unable to deliver refused by recipient by dpd,Delivery refused,
unable to deliver refused by recipient by drew,Delivery refused,
unable to deliver refused by recipient by elms,Delivery refused,
unable to deliver refused by recipient by gilles,Delivery refused,
unable to deliver refused by recipient by tamara kvit,Delivery refused,
unable to deliver refused not required,Delivery refused,
unable to deliver refused to sign by brachmann,Delivery refused,
unable to deliver refused to sign by drew,Delivery refused,
unable to deliver uncontrollable event,Delivery attempted. Receiver not available for delivery,
a claim has been issued to the sender for your package please contact the sender for more information,Request to contact carrier,
a delivery change for this package is in progress,New instructions received - We updated the delivery information for your package,
a missing commercial invoice is causing a delay we are working to obtain this information,Additional information or paperwork required for customs clearance,
a new tracking number was assigned to this package use the new tracking number for status updates,new__new__Tracking number assigned,new
an investigation has been opened for your lost package,Investigation opened for lost package,
arrived at facility,Arrival at delivery depot,
delivered Code not found,not_clear,
delivered to ups access point,new__Delivered to collection point or pick-up location,new
delivery has been rescheduled due to holiday closures,Delivery rescheduled due to holiday closures,
delivery will be delayed by one business day,A late trailer arrival has delayed delivery - Delivery may be delayed by 24 hours,
departed from facility,Departure Scan,
drop off,not_clear,
duties or taxes are due on this package,Import charges are due,
export scan,Export Scan,
good news we ve received export clearance information for your package this hold has been resolved,Released by customs. Clearance complete.,
import charges are due for this package select pay now where available or pay at delivery,Import charges are due,
import c o d icod charges have been paid or billed,Import charges are due,
import scan,Import Scan,
missing shipment data is causing a delay we are awaiting electronic data upload from the shipper,Transit delay,
out for delivery,Out for delivery,
out for delivery today,Out for delivery,
pickup scan,Shipment collected,
processing at ups facility,In Transit,
scheduled for delivery today,Scheduled for delivery,
shipper created a label ups has not received the package yet,new__new__Label created but not received,new
the address has been updated as the receiver requested,Change of delivery address,
the c o d amount is missing from the label we re attempting to update this information,Information needed from the receiver,
the company or receiver name is incorrect this will delay delivery we re attempting to update this information,Correct company or receiver name needed for delivery,
the company or receiver name is incorrect your delivery will be rescheduled once this issue is resolved,Correct company or receiver name needed for delivery,
the delivery address provided is incorrect we are attempting to update the address your delivery will be rescheduled,Incomplete or incorrect delivery address. Additional information or directions needed for delivery.,
the delivery change was completed,New instructions received - We updated the delivery information for your package,
the delivery date has been rescheduled as the receiver requested,Delivery rescheduled,
the delivery will be rescheduled as the receiver requested,Delivery rescheduled,
the driver was not able to receive payment a final attempt will be made the next business day,1st delivery attempt. Unable to collect tax payment.,
the driver was unable to collect funds on the final delivery attempt,Final delivery attempt. Unable to collect tax payment.,
the information requested has been obtained and the hold has been resolved shipment is now in transit,In Transit,
the package is being held for a future delivery date we ll attempt to deliver on the date requested,Shipment on hold,
the package is being held for pickup as the receiver requested pickup must be made within 5 business days,Shipment ready for collection from pick-up point,
the package will be returned to the sender,Returned to sender,
the receiver does not want the product and refused the delivery,Delivery refused,
the receiver doesn t accept c o d s and refused the delivery,Delivery refused,
the receiver doesn t accept c o d s and refused the delivery we ll contact the sender about this delivery attempt,Delivery refused,
the receiver has moved we will deliver the package to the receiver s new address,Receiver moved,
the receiver refused the delivery ups will contact the sender for further instructions,Delivery refused,
the receiver requested this package to be held for pickup at the ups facility,Shipment ready for collection from pick-up point,
the receiver was not available for delivery we ll make a second attempt the next business day,1st of 3 Delivery attempts. Receiver not available,
the receiving business was closed at the time of the final delivery attempt,Delivery attempted. Receiver not available for delivery,
the street number is incorrect this may delay delivery we re attempting to update the address,Incomplete or incorrect delivery address. Additional information or directions needed for delivery.,
this package is being held for a future delivery date,Shipment on hold,
ups access point possession,In Transit,
ups has received the information needed to submit your package for clearance,Internal activity scan,
ups initiated contact with receiver or importer for clearance information once received ups will submit for clearance,new__Contact with sender made,new
ups initiated contact with the sender to obtain clearance information once received ups will submit for clearance,new__Contact with sender made,new
voided information received,not_clear,
warehouse scan,Warehouse Scan,
we are trying to get the security access our driver needs for this delivery,Delivery attempted. Security access needed for delivery.,
we ll contact the sender or receiver about this delivery,Request to contact carrier,
we received a request from the receiver to reschedule the delivery,Request to reschedule delivery,
we require a phone number for the delivery address,Information needed from the receiver,
we re sorry this package has experienced a sortation delay the package has been rerouted to the correct destination,Transit delay,
we re sorry your package was delayed we are adjusting delivery plans as quickly as possible,Transit delay,
we tried to deliver the package but were unable to receive payment a second attempt will be made the next business day,1st of 3 Delivery attempts. Receiver not available,
we tried to deliver to the business again but it was closed a final attempt will be made the next business day,1st of 3 Delivery attempts. Receiver not available,
we tried to deliver to the business but it was closed a second attempt will be made the next business day,1st of 3 Delivery attempts. Receiver not available,
we ve incorrectly sorted this package which may cause a delay,Carrier misrouted the shipment - Corrective action underway,
we ve missed the scheduled transfer time this may cause a delay,Delay due to operational reasons,
we ve received a request from the receiver to hold the package for pickup at a ups location,Delivery to pick-up point pending,
we ve updated the delivery address as requested by the receiver,New instructions received - We updated the delivery information for your package,
we were unable to deliver your package it s on the way to a secure ups access point location for pick up,In Transit,
your delivery will be rescheduled,Delivery rescheduled,
your package has been released by the government agency,Released by customs. Clearance complete.,
your package is currently at the ups access point and is scheduled to be tendered to ups,In Transit,
your package is on the way,In Transit,
your package is pending release from a government agency once they release it your package will be on its way,Awaiting release from customs,
i112 Parcel cannot be located,Parcel cannot be located,
i123 Awaiting addressee's instruction,Information needed from the receiver,
i124 Held - scheduled delivery,Shipment on hold,
i130 Delivery delayed and rescheduled,Delivery rescheduled,
i137 Handed to delivery agent,Out for delivery,
i145 Do not display,not_clear,
i166 Collection attempted - parcel damaged,Package damaged in transit,
i238 No PreAdvice Failed PIN Validation Attempt,not_clear,
i258 Recipient email address - domestic traffic,not_clear,
i259 Recipient mobile number - domestic traffic,not_clear,
i260 Sender email address - domestic traffic,not_clear,
i261 Sender mobile number - domestic traffic,not_clear,
"i273 RTS ""Other""",not_clear,
i525 Local collect customer collect (with fee),not_clear,
i532 Refused by addressee - return to sender,Delivery refused,
i533 Not collected by addressee - return to sender,Returned to sender,
ibpd Collected by addressee,Delivered,
icac Attempted collection,Collection failed,
icax Wrong delivery address,Incomplete or incorrect delivery address. Additional information or directions needed for delivery.,
iccp Delivered to customers collection point,new__Delivered to collection point or pick-up location,new
idd Damage observed and noted,Package damaged in transit,
ihwa Code not found,not_clear,
address amended by client,New instructions received - We updated the delivery information for your package,
awaiting hub return despatch,In Transit,
awaiting marshall,not_clear,
change of delivery method alert pshop,New instructions received - We updated the delivery information for your package,
collection updated,not_clear,
confirmed returns fraud,not_clear,
courier received,Shipment collected,
damaged after courier inbound activity,Package damaged in transit,
damaged after depot receipt,Package damaged in transit,
damaged after depot return despatch,Package damaged in transit,
damaged after depot returns sort,Package damaged in transit,
damaged after depot sort,Package damaged in transit,
damaged after driver collected from locker,Package damaged in transit,
damaged after hub despatch,Package damaged in transit,
damaged after hub returns receipt,Package damaged in transit,
damaged after pshop customer drop off,Package damaged in transit,
damaged after pshop driver collection,Package damaged in transit,
damaged after pshop driver delivery,Package damaged in transit,
deferred p c scan,not_clear,
delivered bfpo hq uk,Delivered,
delivered to courier,In Transit,
delivered to customer,Delivered,
delivered to secure location,Driver release - Delivered to a safe place,
delivery instruction amended by client,New instructions received - We updated the delivery information for your package,
delivery preference specified,new__new__Delivery preference specified,new
delivery sorted at depot,In Transit,
driver not del no preadvice,not_clear,
exception resolved,not_clear,
held in pra stop and return,Shipment on hold,
in hub incomplete address,Incomplete or incorrect delivery address. Additional information or directions needed for delivery.,
in hub parcel expired,not_clear,
locker access problem,Unable to deliver to pick-up point. Contact carrier for alternative arrangements,
locker full,not_clear,
misrouted via gp,Carrier misrouted the shipment - Corrective action underway,
new parcel label created,new__new__New parcel label created,new
parcel delayed 24hrs at the hub,Transit delay,
parcel disposed of due to exceeding maximum shelf life,Parcel disposed of,
potential security issue,new__new__Potential security issue,new
pre advice loaded,not_clear,
pre advice loaded from offline qr code,not_clear,
preadvice update,not_clear,
processed at depot,In Transit,
processed at hermes hub,In Transit,
receipt at hub,Arrival at delivery depot,
received at hermes hub,Arrival at delivery depot,
recovered by net buster,new__new__recovered by net buster,new
refused not ordered,Delivery refused,
return has been processed at the evri hub and will be with the retailer shortly,In Transit,
return has been processed at the evri hub and will be with the retailer shortly,In Transit,
return has been processed at the hermes depot and will be with the retailer shortly,In Transit,
return has been processed at the hermes hub and will be with the retailer shortly,In Transit,
return to depot no preadvce,In Transit,
safe place building foyer/entrance request,Driver release - Delivered to a safe place,
safe place open porch request,Driver release - Delivered to a safe place,
safe place residential concierge request,Driver release - Delivered to a safe place,
sort at internal chute,In Transit,
stop and return acknowledged,new__new__stop and return acknowledged,new
stop and return customer dispute,new__new__stop and return customer dispute,new
stop and return customer request,new__new__stop and return customer request,new
stop and return parcel out of sla,new__new__stop and return parcel out of sla,new
the address provided isn t correct so please send a replacement with the correct address,Incomplete or incorrect delivery address. Additional information or directions needed for delivery.,
the customer has requested that this parcel be diverted to their porch,New instructions received - We updated the delivery information for your package,
the parcel is at the local depot and is being sorted for delivery within 24 hours,In Transit,
the parcel is too large for the locker we re now returning the parcel back to you,Shipment to be returned,
this parcel is too large a specialist evri courier will deliver on the next working day,Scheduled for delivery,
this parcel is too large a specialist hermes courier will deliver on the next working day,Scheduled for delivery,
this parcel is too large for our network so will be disposed of please send a replacement parcel,new__new__this parcel is too large for our network,new
unfortunately this parcel is damaged we ll assess the damage and update tracking,Package damaged in transit,
van held locker full,Shipment on hold,
van held locker technical issue,Shipment on hold,
we can t deliver due to a road incident we ll update tracking once your parcel is on its way,Delay due to operational reasons,
we have arrange for this parcel to be returned as requested by the retailer,Returned to sender,
we have this parcel we ll get it on its way once the parcel information has been sent to hermes,In Transit,
we re unable to deliver this parcel as it has been damaged please send a replacement parcel,Package damaged in transit,
agreed delivery,not_clear,
awaiting consignee collection,Shipment ready for collection from pick-up point,
bad address,Incomplete or incorrect delivery address. Additional information or directions needed for delivery.,
closed on arrival,not_clear,
closed shipment,not_clear,
customer moved,Receiver moved,
destroyed/disposal,new__new__Package disposed,new
facility check in,not_clear,
forwarded to third party delivery agent delivery details expected,In Transit,
held for payment,Held awaiting tax payment by the receiver,
image available,Internal activity scan,
in clearance processing,Customs clearance in progress,
missed delivery cycle,Delivery attempted. Receiver not available for delivery,
missort,Carrier misrouted the shipment - Corrective action underway,
not delivered,Delivery attempted. Receiver not available for delivery,
not home,Delivery attempted. Receiver not available for delivery,
on hold,Shipment on hold,
record of transit,not_clear,
returned to consignor,Returned to sender,
scheduled for movement,In Transit,
security inspection,Held for inspection by government agency,
shipment delivered san jose logistic center ca usa,Delivered,
shipment has departed from a dhl facility vitoria bra,Departure Scan,
shipment stopped,not_clear,
supplementary information has been received and merged with applicable shipment data,Internal activity scan,
weigh and dimension,not_clear,
ë°œì†¡ì¸ì´ ë°œì†¡ ì·¨ì†Œ,,
address corrected,New instructions received - We updated the delivery information for your package,
delay adult recipient unavailable age and required identification vary by country,Delivery attempted. Receiver not available for delivery,
delay customer access delay,Delivery attempted. Unable to access the premises for delivery.,
delay fedex holding package,Shipment on hold,
delay fedex holding package,Shipment on hold,
delay location not currently served by fedex,Delivery attempted. Receiver not available for delivery,
delay package delayed,Transit delay,
delay recipient location security delay delivery will be reattempted,Delivery attempted. Security access needed for delivery.,
delay unable to contact recipient for broker info,Request to contact carrier,
delay we have your package,not_clear,
delay your package is over the size/weight limit,Package exceeds maximum weight,
delivered left at back door,Driver release - Delivered to a safe place,
delivered left at back door package delivered to recipient address release authorized,Driver release - Delivered to a safe place,
delivered left at front desk,Delivered,
delivered left at front door package delivered to recipient address release authorized,Driver release - Delivered to a safe place,
delivered left at office/leasing,Delivered,
delivered left in mail room,Delivered,
delivered left in mail room package delivered to recipient address release authorized,Driver release - Delivered to a safe place,
delivery updated held unable to collect payment,Delivery attempted. Unable to collect tax payment.,
dropped off at fedex authorized shipcenter,Shipment dropped off awaiting carrier collection,
dropped off at fedex authorized shipcenter nobleton expres mart,Shipment dropped off awaiting carrier collection,
dropped off at fedex authorized shipcenter rawleigh food mart,Shipment dropped off awaiting carrier collection,
dropped off at fedex authorized shipcenter staples package received after final location pickup has occurred scheduled for pickup next business day,Shipment ready for collection from pick-up point,
dropped off at fedex onsite dollar general,Shipment dropped off awaiting carrier collection,
dropped off at fedex onsite vons,Shipment dropped off awaiting carrier collection,
en el centro de clasificaciÃ³n de destino,,
en el vehÃ­culo de fedex para entregar,,
en oficina local de fedex,In Transit,
envÃ­o cancelado por el remitente,,
excepciÃ³n de entrega el cliente no estÃ¡ disponible o la empresa cerrÃ³,,
fedexë¡œ ë°œì†¡ ì •ë³´ ì „ì†¡ë¨,,
informazioni sulla spedizione inviate a fedex,Internal activity scan,
liberaciÃ³n de envÃ­os internacionales exportaciÃ³n,,
liberaciÃ³n de envÃ­os internacionales importaciÃ³n,,
local delay your package may be late local delivery restrictions,Delay due to operational reasons,
retraso de liberaciÃ³n importaciÃ³n se requieren instrucciones de liberaciÃ³n del importador,,
return label link emailed to return sender,Return label left with the receiver,
sendungsinformationen an fedex gesendet,Internal activity scan,
sendung von absender storniert,Shipment cancelled,
shipment exception barcode label unreadable and replaced,Shipment exception - Corrective action underway,
shipment exception unable to deliver damaged package,Package damaged in transit,
zendingsinformatie naar fedex verzonden,Internal activity scan,
×‘×™×˜×•×œ ×ž×©×œ×•×— ×¢ ×™ ×”×©×•×œ×—,,
×ž×™×“×¢ ×¢×œ ×”×ž×©×œ×•×— × ×©×œ×— ××œ fedex,,
åˆ°è¾¾fedexé›†æ•£ä¸­å¿ƒ,,
å›½é™…è´§ç‰©æ”¾è¡Œ è¿›å£,,
å¯„ä»¶äººå·²å–æ¶ˆè´§ä»¶,,
å·²æ”¶å–,,
å·²ç¦»å¼€ fedex å§‹å‘åœ°æœåŠ¡ç«™,,
å·²è‡ªè¡ŒæŠ•é€’è‡³fedex onsite ç»ˆç‚¹æœåŠ¡ç«™å–ä»¶åŽ åŒ…è£¹å·²æ”¶åˆ° å·²å®‰æŽ’äºŽä¸‹ä¸€ä¸ªå·¥ä½œæ—¥å–ä»¶,,
æŠµè¾¾å½“åœ° fedex æœåŠ¡ç«™,,
æ­£åœ¨å°†åŒ…è£¹é€€å›žç»™å¯„ä»¶äºº é€€ä»¶è¿½è¸ªå·ç ,,
æ­£åœ¨æ¸…å…³,,
è´§ä»¶ä¿¡æ¯å·²å‘é€ç»™ fedex,,
é€”ä¸­,,
